﻿<?xml version="1.0" encoding="utf-8"?>
<abapGit version="v1.0.0" serializer="LCL_OBJECT_SUSH" serializer_version="v1.0.0">
 <asx:abap xmlns:asx="http://www.sap.com/abapxml" version="1.0">
  <asx:values>
   <HEAD>
    <NAME>06AB7C942DA16FF2D72E7DD5DE22FD</NAME>
    <TYPE>HT</TYPE>
    <DISPLAY_NAME>R3TR IWSV ZPOS_GW_SRV                        0001</DISPLAY_NAME>
    <SRCSYSTEM>S4D</SRCSYSTEM>
    <AUTHOR>BRENNANN</AUTHOR>
    <DEVCLASS>ZPOS</DEVCLASS>
   </HEAD>
  </asx:values>
 </asx:abap>
</abapGit>
