﻿<?xml version="1.0" encoding="utf-8"?>
<abapGit version="v1.0.0" serializer="LCL_OBJECT_PROG" serializer_version="v1.0.0">
 <asx:abap xmlns:asx="http://www.sap.com/abapxml" version="1.0">
  <asx:values>
   <PROGDIR>
    <NAME>MZPOS_SEARCH_RETURNI01</NAME>
    <SUBC>I</SUBC>
    <APPL>S</APPL>
    <RLOAD>E</RLOAD>
   </PROGDIR>
   <TPOOL>
    <item>
     <ID>R</ID>
     <ENTRY>Include for tabstrip control input module (gen.)</ENTRY>
     <LENGTH>48</LENGTH>
    </item>
   </TPOOL>
  </asx:values>
 </asx:abap>
</abapGit>
