﻿<?xml version="1.0" encoding="utf-8"?>
<abapGit version="v1.0.0" serializer="LCL_OBJECT_SUSO" serializer_version="v1.0.0">
 <asx:abap xmlns:asx="http://www.sap.com/abapxml" version="1.0">
  <asx:values>
   <TOBJ>
    <OBJCT>Z_ART_DEL</OBJCT>
    <FIEL1>ACTVT</FIEL1>
    <OCLSS>ZPOS</OCLSS>
   </TOBJ>
   <TOBJT>
    <LANGU>E</LANGU>
    <OBJECT>Z_ART_DEL</OBJECT>
    <TTEXT>Archiving / Deletion of Article Price Data</TTEXT>
   </TOBJT>
   <TACTZ>
    <TACTZ>
     <BROBJ>Z_ART_DEL</BROBJ>
     <ACTVT>06</ACTVT>
    </TACTZ>
   </TACTZ>
  </asx:values>
 </asx:abap>
</abapGit>
