﻿<?xml version="1.0" encoding="utf-8"?>
<abapGit version="v1.0.0" serializer="LCL_OBJECT_CLAS" serializer_version="v1.0.0">
 <asx:abap xmlns:asx="http://www.sap.com/abapxml" version="1.0">
  <asx:values>
   <VSEOCLASS>
    <CLSNAME>ZCL_POS_WSO_ARTICLE_PRICE</CLSNAME>
    <LANGU>E</LANGU>
    <DESCRIPT>Price List Class - WESOUT</DESCRIPT>
    <STATE>1</STATE>
    <CLSCCINCL>X</CLSCCINCL>
    <FIXPT>X</FIXPT>
    <UNICODE>X</UNICODE>
   </VSEOCLASS>
   <TPOOL>
    <item>
     <ID>I</ID>
     <KEY>001</KEY>
     <ENTRY>Entries missing in table ZPOS_STORE_RCPT for Store=&amp;, Recipient=&amp;</ENTRY>
     <LENGTH>130</LENGTH>
    </item>
   </TPOOL>
   <DESCRIPTIONS>
    <SEOCOMPOTX>
     <CLSNAME>ZCL_POS_WSO_ARTICLE_PRICE</CLSNAME>
     <CMPNAME>APPEND_WESOUT_PRICE</CMPNAME>
     <LANGU>E</LANGU>
     <DESCRIPT>Appends WESOUT Pricing Records</DESCRIPT>
    </SEOCOMPOTX>
    <SEOCOMPOTX>
     <CLSNAME>ZCL_POS_WSO_ARTICLE_PRICE</CLSNAME>
     <CMPNAME>CALCULATE_NET_PRICE</CMPNAME>
     <LANGU>E</LANGU>
     <DESCRIPT>Calculates a Net Price</DESCRIPT>
    </SEOCOMPOTX>
    <SEOCOMPOTX>
     <CLSNAME>ZCL_POS_WSO_ARTICLE_PRICE</CLSNAME>
     <CMPNAME>CONSTRUCTOR</CMPNAME>
     <LANGU>E</LANGU>
     <DESCRIPT>Constructor</DESCRIPT>
    </SEOCOMPOTX>
    <SEOCOMPOTX>
     <CLSNAME>ZCL_POS_WSO_ARTICLE_PRICE</CLSNAME>
     <CMPNAME>COPY_ARTICLE_STATUS_DATA</CMPNAME>
     <LANGU>E</LANGU>
     <DESCRIPT>Can be used to copy status records from one store to another</DESCRIPT>
    </SEOCOMPOTX>
    <SEOCOMPOTX>
     <CLSNAME>ZCL_POS_WSO_ARTICLE_PRICE</CLSNAME>
     <CMPNAME>CO_USAGE</CMPNAME>
     <LANGU>E</LANGU>
     <DESCRIPT>Usage of the condition table</DESCRIPT>
    </SEOCOMPOTX>
    <SEOCOMPOTX>
     <CLSNAME>ZCL_POS_WSO_ARTICLE_PRICE</CLSNAME>
     <CMPNAME>CREATE_CONDITION_RECORD</CMPNAME>
     <LANGU>E</LANGU>
     <DESCRIPT>Inserts Condition Record using Func Module</DESCRIPT>
    </SEOCOMPOTX>
    <SEOCOMPOTX>
     <CLSNAME>ZCL_POS_WSO_ARTICLE_PRICE</CLSNAME>
     <CMPNAME>CREATE_OUTBOUND_ARTICLE_IDOC</CMPNAME>
     <LANGU>E</LANGU>
     <DESCRIPT>Creates Outbound Article IDocs</DESCRIPT>
    </SEOCOMPOTX>
    <SEOCOMPOTX>
     <CLSNAME>ZCL_POS_WSO_ARTICLE_PRICE</CLSNAME>
     <CMPNAME>CREATE_PERSIST_ARTICLE_DATA</CMPNAME>
     <LANGU>E</LANGU>
     <DESCRIPT>Creates the Persistent Article Data in DB Table</DESCRIPT>
    </SEOCOMPOTX>
    <SEOCOMPOTX>
     <CLSNAME>ZCL_POS_WSO_ARTICLE_PRICE</CLSNAME>
     <CMPNAME>CREATE_PERSIST_LABEL_DATA</CMPNAME>
     <LANGU>E</LANGU>
     <DESCRIPT>Creates records in table ZPOS_SHELF_LBL</DESCRIPT>
    </SEOCOMPOTX>
    <SEOCOMPOTX>
     <CLSNAME>ZCL_POS_WSO_ARTICLE_PRICE</CLSNAME>
     <CMPNAME>CREATE_PERSIST_PRICE_DATA</CMPNAME>
     <LANGU>E</LANGU>
     <DESCRIPT>Creates the Persistent Price Data in DB Table</DESCRIPT>
    </SEOCOMPOTX>
    <SEOCOMPOTX>
     <CLSNAME>ZCL_POS_WSO_ARTICLE_PRICE</CLSNAME>
     <CMPNAME>CREATE_STATUS_RECORDS</CMPNAME>
     <LANGU>E</LANGU>
     <DESCRIPT>Creates records in table ZPOS_ARTPRC_STS</DESCRIPT>
    </SEOCOMPOTX>
    <SEOCOMPOTX>
     <CLSNAME>ZCL_POS_WSO_ARTICLE_PRICE</CLSNAME>
     <CMPNAME>DELETE_ARTICLE_PRICE_DATA</CMPNAME>
     <LANGU>E</LANGU>
     <DESCRIPT>Deletes Data older than specified date, based on status</DESCRIPT>
    </SEOCOMPOTX>
    <SEOCOMPOTX>
     <CLSNAME>ZCL_POS_WSO_ARTICLE_PRICE</CLSNAME>
     <CMPNAME>DETERMINE_EFFECTIVE_PRICE</CMPNAME>
     <LANGU>E</LANGU>
     <DESCRIPT>Determines the effective price - Lowest Wins!</DESCRIPT>
    </SEOCOMPOTX>
    <SEOCOMPOTX>
     <CLSNAME>ZCL_POS_WSO_ARTICLE_PRICE</CLSNAME>
     <CMPNAME>EFFECTIVE_PRICE_PER_DATE</CMPNAME>
     <LANGU>E</LANGU>
     <DESCRIPT>Determines the effective price For 1 Date</DESCRIPT>
    </SEOCOMPOTX>
    <SEOCOMPOTX>
     <CLSNAME>ZCL_POS_WSO_ARTICLE_PRICE</CLSNAME>
     <CMPNAME>GET_ARTICLE_PRICELIST</CMPNAME>
     <LANGU>E</LANGU>
     <DESCRIPT>Gets Joined Article &amp; PriceList Data (IDoc)</DESCRIPT>
    </SEOCOMPOTX>
    <SEOCOMPOTX>
     <CLSNAME>ZCL_POS_WSO_ARTICLE_PRICE</CLSNAME>
     <CMPNAME>GET_ARTICLE_PRICES</CMPNAME>
     <LANGU>E</LANGU>
     <DESCRIPT>Retrieves Price Data for a Range of Articles (SAP CAR)</DESCRIPT>
    </SEOCOMPOTX>
    <SEOCOMPOTX>
     <CLSNAME>ZCL_POS_WSO_ARTICLE_PRICE</CLSNAME>
     <CMPNAME>GET_PROMOTION_ID</CMPNAME>
     <LANGU>E</LANGU>
     <DESCRIPT>Reads PromoID from COND_ART</DESCRIPT>
    </SEOCOMPOTX>
    <SEOCOMPOTX>
     <CLSNAME>ZCL_POS_WSO_ARTICLE_PRICE</CLSNAME>
     <CMPNAME>GET_VIKING_TAX_CODE</CMPNAME>
     <LANGU>E</LANGU>
     <DESCRIPT>Determine the ViKING Tax Code</DESCRIPT>
    </SEOCOMPOTX>
    <SEOCOMPOTX>
     <CLSNAME>ZCL_POS_WSO_ARTICLE_PRICE</CLSNAME>
     <CMPNAME>MAGENTO_PRICING_CHECK</CMPNAME>
     <LANGU>E</LANGU>
     <DESCRIPT>Magento Articles must exist before Pricing is sent</DESCRIPT>
    </SEOCOMPOTX>
    <SEOCOMPOTX>
     <CLSNAME>ZCL_POS_WSO_ARTICLE_PRICE</CLSNAME>
     <CMPNAME>MAP_PERSIST_DATA</CMPNAME>
     <LANGU>E</LANGU>
     <DESCRIPT>Maps Persistent Data</DESCRIPT>
    </SEOCOMPOTX>
    <SEOCOMPOTX>
     <CLSNAME>ZCL_POS_WSO_ARTICLE_PRICE</CLSNAME>
     <CMPNAME>MAP_PERSIST_DATA_PER_DATE</CMPNAME>
     <LANGU>E</LANGU>
     <DESCRIPT>Maps Persistent Data for Individual Days</DESCRIPT>
    </SEOCOMPOTX>
    <SEOCOMPOTX>
     <CLSNAME>ZCL_POS_WSO_ARTICLE_PRICE</CLSNAME>
     <CMPNAME>MO_CONFIG_MAP</CMPNAME>
     <LANGU>E</LANGU>
     <DESCRIPT>Description</DESCRIPT>
    </SEOCOMPOTX>
    <SEOCOMPOTX>
     <CLSNAME>ZCL_POS_WSO_ARTICLE_PRICE</CLSNAME>
     <CMPNAME>MS_TEXTID</CMPNAME>
     <LANGU>E</LANGU>
     <DESCRIPT>T100 key with mapping of parameters to attribute names</DESCRIPT>
    </SEOCOMPOTX>
    <SEOCOMPOTX>
     <CLSNAME>ZCL_POS_WSO_ARTICLE_PRICE</CLSNAME>
     <CMPNAME>MT_ECOM_STATUS</CMPNAME>
     <LANGU>E</LANGU>
     <DESCRIPT>Magento Article API Status</DESCRIPT>
    </SEOCOMPOTX>
    <SEOCOMPOTX>
     <CLSNAME>ZCL_POS_WSO_ARTICLE_PRICE</CLSNAME>
     <CMPNAME>MT_WESOUT_PRICE</CMPNAME>
     <LANGU>E</LANGU>
     <DESCRIPT>Table for Sales Prices (Header)</DESCRIPT>
    </SEOCOMPOTX>
    <SEOCOMPOTX>
     <CLSNAME>ZCL_POS_WSO_ARTICLE_PRICE</CLSNAME>
     <CMPNAME>MX_EXCEPTION</CMPNAME>
     <LANGU>E</LANGU>
     <DESCRIPT>POS Exception Class</DESCRIPT>
    </SEOCOMPOTX>
    <SEOCOMPOTX>
     <CLSNAME>ZCL_POS_WSO_ARTICLE_PRICE</CLSNAME>
     <CMPNAME>NEW_PACKAGE_RESET</CMPNAME>
     <LANGU>E</LANGU>
     <DESCRIPT>Rests Data at the Start of a New Package</DESCRIPT>
    </SEOCOMPOTX>
    <SEOCOMPOTX>
     <CLSNAME>ZCL_POS_WSO_ARTICLE_PRICE</CLSNAME>
     <CMPNAME>READ_LAYOUT_MODULE</CMPNAME>
     <LANGU>E</LANGU>
     <DESCRIPT>Gets Layout Module Data</DESCRIPT>
    </SEOCOMPOTX>
    <SEOCOMPOTX>
     <CLSNAME>ZCL_POS_WSO_ARTICLE_PRICE</CLSNAME>
     <CMPNAME>READ_MARA_DATA</CMPNAME>
     <LANGU>E</LANGU>
     <DESCRIPT>Gets MARA Data</DESCRIPT>
    </SEOCOMPOTX>
    <SEOCOMPOTX>
     <CLSNAME>ZCL_POS_WSO_ARTICLE_PRICE</CLSNAME>
     <CMPNAME>READ_MARC_DATA</CMPNAME>
     <LANGU>E</LANGU>
     <DESCRIPT>Gets MARC Data</DESCRIPT>
    </SEOCOMPOTX>
    <SEOCOMPOTX>
     <CLSNAME>ZCL_POS_WSO_ARTICLE_PRICE</CLSNAME>
     <CMPNAME>READ_MAW1_DATA</CMPNAME>
     <LANGU>E</LANGU>
     <DESCRIPT>Gets MAW1 Data</DESCRIPT>
    </SEOCOMPOTX>
    <SEOCOMPOTX>
     <CLSNAME>ZCL_POS_WSO_ARTICLE_PRICE</CLSNAME>
     <CMPNAME>READ_MVKE_DATA</CMPNAME>
     <LANGU>E</LANGU>
     <DESCRIPT>Gets MVKE Data</DESCRIPT>
    </SEOCOMPOTX>
    <SEOCOMPOTX>
     <CLSNAME>ZCL_POS_WSO_ARTICLE_PRICE</CLSNAME>
     <CMPNAME>READ_WIND_POINTER</CMPNAME>
     <LANGU>E</LANGU>
     <DESCRIPT>Reads WIND Entries for ZWSO</DESCRIPT>
    </SEOCOMPOTX>
    <SEOCOMPOTX>
     <CLSNAME>ZCL_POS_WSO_ARTICLE_PRICE</CLSNAME>
     <CMPNAME>READ_WLK2_DATA</CMPNAME>
     <LANGU>E</LANGU>
     <DESCRIPT>Gets WLK2 Data</DESCRIPT>
    </SEOCOMPOTX>
    <SEOCOMPOTX>
     <CLSNAME>ZCL_POS_WSO_ARTICLE_PRICE</CLSNAME>
     <CMPNAME>SET_STATUS_WIND_POINTER</CMPNAME>
     <LANGU>E</LANGU>
     <DESCRIPT>Set WESD_WINDS Entries to &quot;Processed&quot;</DESCRIPT>
    </SEOCOMPOTX>
    <SEOCOMPOTX>
     <CLSNAME>ZCL_POS_WSO_ARTICLE_PRICE</CLSNAME>
     <CMPNAME>SR_CO</CMPNAME>
     <LANGU>E</LANGU>
     <DESCRIPT>Constants in Trade Enterprise Services</DESCRIPT>
    </SEOCOMPOTX>
    <SEOCOMPOTX>
     <CLSNAME>ZCL_POS_WSO_ARTICLE_PRICE</CLSNAME>
     <CMPNAME>TY_T_LAYOUT</CMPNAME>
     <LANGU>E</LANGU>
     <DESCRIPT>Layout Module</DESCRIPT>
    </SEOCOMPOTX>
    <SEOCOMPOTX>
     <CLSNAME>ZCL_POS_WSO_ARTICLE_PRICE</CLSNAME>
     <CMPNAME>UTIL_SALESORG_LANGAUGE</CMPNAME>
     <LANGU>E</LANGU>
     <DESCRIPT>Utility Method --&gt; Sets Appropriate Langauge for SalesOrg</DESCRIPT>
    </SEOCOMPOTX>
   </DESCRIPTIONS>
  </asx:values>
 </asx:abap>
</abapGit>
