﻿<?xml version="1.0" encoding="utf-8"?>
<abapGit version="v1.0.0" serializer="LCL_OBJECT_ENHO" serializer_version="v1.0.0">
 <asx:abap xmlns:asx="http://www.sap.com/abapxml" version="1.0">
  <asx:values>
   <TOOL>CLASENH</TOOL>
   <SHORTTEXT>POS - WESOUT Merchandise Enhancement</SHORTTEXT>
   <CLASS>CL_WES_MERCHANDISE_REPL</CLASS>
   <OWR_METHODS>
    <ENHAMETHKEYS>
     <METHKEY>
      <CLSNAME>CL_WES_MERCHANDISE_REPL</CLSNAME>
      <CMPNAME>FILL_SALES_PRICES</CMPNAME>
     </METHKEY>
    </ENHAMETHKEYS>
    <ENHAMETHKEYS>
     <METHKEY>
      <CLSNAME>CL_WES_MERCHANDISE_REPL</CLSNAME>
      <CMPNAME>SEND_DATA</CMPNAME>
     </METHKEY>
    </ENHAMETHKEYS>
   </OWR_METHODS>
   <TAB_ATTRIBUTES>
    <ENHCLASSATTRIB>
     <CLSNAME>CL_WES_MERCHANDISE_REPL</CLSNAME>
     <CMPNAME>MR_ARTICLE_PRICE</CMPNAME>
     <DESCRIPT>Price List Class - WESOUT</DESCRIPT>
     <STATE>1</STATE>
     <EDITORDER>1</EDITORDER>
     <TYPTYPE>3</TYPTYPE>
     <TYPE>ZCL_POS_ARTICLE_PRICE</TYPE>
    </ENHCLASSATTRIB>
    <ENHCLASSATTRIB>
     <CLSNAME>CL_WES_MERCHANDISE_REPL</CLSNAME>
     <CMPNAME>%_ZPOS_EI_ARTICLE</CMPNAME>
     <DESCRIPT>SAP-generated, not changeable!</DESCRIPT>
     <STATE>1</STATE>
     <EDITORDER>2</EDITORDER>
     <TYPTYPE>3</TYPTYPE>
     <TYPE>OBJECT</TYPE>
     <LOCKED>X</LOCKED>
    </ENHCLASSATTRIB>
    <ENHCLASSATTRIB>
     <CLSNAME>CL_WES_MERCHANDISE_REPL</CLSNAME>
     <CMPNAME>MV_PRICING_CHANNEL</CMPNAME>
     <DESCRIPT>Distribution Channel</DESCRIPT>
     <STATE>1</STATE>
     <EDITORDER>3</EDITORDER>
     <TYPTYPE>1</TYPTYPE>
     <TYPE>VTWEG</TYPE>
    </ENHCLASSATTRIB>
    <ENHCLASSATTRIB>
     <CLSNAME>CL_WES_MERCHANDISE_REPL</CLSNAME>
     <CMPNAME>CO_STORE_CHANNEL</CMPNAME>
     <DESCRIPT>Distribution Channel</DESCRIPT>
     <STATE>1</STATE>
     <EDITORDER>4</EDITORDER>
     <ATTDECLTYP>2</ATTDECLTYP>
     <ATTVALUE>&apos;10&apos;</ATTVALUE>
     <TYPTYPE>1</TYPTYPE>
     <TYPE>VTWEG</TYPE>
    </ENHCLASSATTRIB>
   </TAB_ATTRIBUTES>
   <SOTR>
    <item>
     <HEADER>
      <CONCEPT>5A65721F06021EEBA0B7FA6E05DA2531</CONCEPT>
      <CREA_LAN>E</CREA_LAN>
      <TRALA_TYPE>1</TRALA_TYPE>
      <OBJID_VEC>AAI=</OBJID_VEC>
     </HEADER>
     <ENTRIES>
      <SOTR_TEXT>
       <CONCEPT>5A65721F06021EEBA0B7FA6E05DA2531</CONCEPT>
       <LANGU>E</LANGU>
       <LFD_NUM>0001</LFD_NUM>
       <FLAG_CNTXT>X</FLAG_CNTXT>
       <FLAG_CORR>X</FLAG_CORR>
       <STATUS>R</STATUS>
       <LENGTH>255</LENGTH>
       <TEXT>POS - WESOUT Merchandise Enhancement</TEXT>
      </SOTR_TEXT>
     </ENTRIES>
    </item>
    <item>
     <HEADER>
      <CONCEPT>5A65721F06021EEBA0B7FFABD8F7C532</CONCEPT>
      <CREA_LAN>E</CREA_LAN>
      <TRALA_TYPE>1</TRALA_TYPE>
      <OBJID_VEC>AAI=</OBJID_VEC>
     </HEADER>
     <ENTRIES>
      <SOTR_TEXT>
       <CONCEPT>5A65721F06021EEBA0B7FFABD8F7C532</CONCEPT>
       <LANGU>E</LANGU>
       <LFD_NUM>0001</LFD_NUM>
       <FLAG_CNTXT>X</FLAG_CNTXT>
       <FLAG_CORR>X</FLAG_CORR>
       <STATUS>R</STATUS>
       <LENGTH>255</LENGTH>
       <TEXT>Price List Class - WESOUT</TEXT>
      </SOTR_TEXT>
     </ENTRIES>
    </item>
    <item>
     <HEADER>
      <CONCEPT>5A65721F06021EEBA0B80A3473F94538</CONCEPT>
      <CREA_LAN>E</CREA_LAN>
      <TRALA_TYPE>1</TRALA_TYPE>
      <OBJID_VEC>AAI=</OBJID_VEC>
     </HEADER>
     <ENTRIES>
      <SOTR_TEXT>
       <CONCEPT>5A65721F06021EEBA0B80A3473F94538</CONCEPT>
       <LANGU>E</LANGU>
       <LFD_NUM>0001</LFD_NUM>
       <FLAG_CNTXT>X</FLAG_CNTXT>
       <FLAG_CORR>X</FLAG_CORR>
       <STATUS>R</STATUS>
       <LENGTH>255</LENGTH>
       <TEXT>SAP-generated, not changeable!</TEXT>
      </SOTR_TEXT>
     </ENTRIES>
    </item>
    <item>
     <HEADER>
      <CONCEPT>5A65721F06021EEBA0B80AF80D39E538</CONCEPT>
      <CREA_LAN>E</CREA_LAN>
      <TRALA_TYPE>1</TRALA_TYPE>
      <OBJID_VEC>AAI=</OBJID_VEC>
     </HEADER>
     <ENTRIES>
      <SOTR_TEXT>
       <CONCEPT>5A65721F06021EEBA0B80AF80D39E538</CONCEPT>
       <LANGU>E</LANGU>
       <LFD_NUM>0001</LFD_NUM>
       <FLAG_CNTXT>X</FLAG_CNTXT>
       <FLAG_CORR>X</FLAG_CORR>
       <STATUS>R</STATUS>
       <LENGTH>255</LENGTH>
       <TEXT>SAP-generated, not changeable!</TEXT>
      </SOTR_TEXT>
     </ENTRIES>
    </item>
    <item>
     <HEADER>
      <CONCEPT>5A65721F06021EEBA0B80AF80D3A0538</CONCEPT>
      <CREA_LAN>E</CREA_LAN>
      <TRALA_TYPE>1</TRALA_TYPE>
      <OBJID_VEC>AAI=</OBJID_VEC>
     </HEADER>
     <ENTRIES>
      <SOTR_TEXT>
       <CONCEPT>5A65721F06021EEBA0B80AF80D3A0538</CONCEPT>
       <LANGU>E</LANGU>
       <LFD_NUM>0001</LFD_NUM>
       <FLAG_CNTXT>X</FLAG_CNTXT>
       <FLAG_CORR>X</FLAG_CORR>
       <STATUS>R</STATUS>
       <LENGTH>255</LENGTH>
       <TEXT>Distribution Channel</TEXT>
      </SOTR_TEXT>
     </ENTRIES>
    </item>
    <item>
     <HEADER>
      <CONCEPT>5A65721F06021EEBA0B811142CD7454C</CONCEPT>
      <CREA_LAN>E</CREA_LAN>
      <TRALA_TYPE>1</TRALA_TYPE>
      <OBJID_VEC>AAI=</OBJID_VEC>
     </HEADER>
     <ENTRIES>
      <SOTR_TEXT>
       <CONCEPT>5A65721F06021EEBA0B811142CD7454C</CONCEPT>
       <LANGU>E</LANGU>
       <LFD_NUM>0001</LFD_NUM>
       <FLAG_CNTXT>X</FLAG_CNTXT>
       <FLAG_CORR>X</FLAG_CORR>
       <STATUS>R</STATUS>
       <LENGTH>255</LENGTH>
       <TEXT>SAP-generated, not changeable!</TEXT>
      </SOTR_TEXT>
     </ENTRIES>
    </item>
    <item>
     <HEADER>
      <CONCEPT>5A65721F06021EEBA0B811142CD7654C</CONCEPT>
      <CREA_LAN>E</CREA_LAN>
      <TRALA_TYPE>1</TRALA_TYPE>
      <OBJID_VEC>AAI=</OBJID_VEC>
     </HEADER>
     <ENTRIES>
      <SOTR_TEXT>
       <CONCEPT>5A65721F06021EEBA0B811142CD7654C</CONCEPT>
       <LANGU>E</LANGU>
       <LFD_NUM>0001</LFD_NUM>
       <FLAG_CNTXT>X</FLAG_CNTXT>
       <FLAG_CORR>X</FLAG_CORR>
       <STATUS>R</STATUS>
       <LENGTH>255</LENGTH>
       <TEXT>Distribution Channel</TEXT>
      </SOTR_TEXT>
     </ENTRIES>
    </item>
    <item>
     <HEADER>
      <CONCEPT>5A65721F06021EEBA0B834B9E444A56B</CONCEPT>
      <CREA_LAN>E</CREA_LAN>
      <TRALA_TYPE>1</TRALA_TYPE>
      <OBJID_VEC>AAI=</OBJID_VEC>
     </HEADER>
     <ENTRIES>
      <SOTR_TEXT>
       <CONCEPT>5A65721F06021EEBA0B834B9E444A56B</CONCEPT>
       <LANGU>E</LANGU>
       <LFD_NUM>0001</LFD_NUM>
       <FLAG_CNTXT>X</FLAG_CNTXT>
       <FLAG_CORR>X</FLAG_CORR>
       <STATUS>R</STATUS>
       <LENGTH>255</LENGTH>
       <TEXT>Distribution Channel</TEXT>
      </SOTR_TEXT>
     </ENTRIES>
    </item>
   </SOTR>
   <SOTR_USE>
    <SOTR_USE>
     <PGMID>R3TR</PGMID>
     <OBJECT>ENHO</OBJECT>
     <OBJ_NAME>ZPOS_EI_ARTICLE</OBJ_NAME>
     <CONCEPT>5A65721F06021EEBA0B7FA6E05DA2531</CONCEPT>
     <LFD_NUM>0001</LFD_NUM>
    </SOTR_USE>
    <SOTR_USE>
     <PGMID>R3TR</PGMID>
     <OBJECT>ENHO</OBJECT>
     <OBJ_NAME>ZPOS_EI_ARTICLE</OBJ_NAME>
     <CONCEPT>5A65721F06021EEBA0B7FFABD8F7C532</CONCEPT>
     <LFD_NUM>0001</LFD_NUM>
    </SOTR_USE>
    <SOTR_USE>
     <PGMID>R3TR</PGMID>
     <OBJECT>ENHO</OBJECT>
     <OBJ_NAME>ZPOS_EI_ARTICLE</OBJ_NAME>
     <CONCEPT>5A65721F06021EEBA0B80A3473F94538</CONCEPT>
     <LFD_NUM>0001</LFD_NUM>
    </SOTR_USE>
    <SOTR_USE>
     <PGMID>R3TR</PGMID>
     <OBJECT>ENHO</OBJECT>
     <OBJ_NAME>ZPOS_EI_ARTICLE</OBJ_NAME>
     <CONCEPT>5A65721F06021EEBA0B80AF80D39E538</CONCEPT>
     <LFD_NUM>0001</LFD_NUM>
    </SOTR_USE>
    <SOTR_USE>
     <PGMID>R3TR</PGMID>
     <OBJECT>ENHO</OBJECT>
     <OBJ_NAME>ZPOS_EI_ARTICLE</OBJ_NAME>
     <CONCEPT>5A65721F06021EEBA0B80AF80D3A0538</CONCEPT>
     <LFD_NUM>0001</LFD_NUM>
    </SOTR_USE>
    <SOTR_USE>
     <PGMID>R3TR</PGMID>
     <OBJECT>ENHO</OBJECT>
     <OBJ_NAME>ZPOS_EI_ARTICLE</OBJ_NAME>
     <CONCEPT>5A65721F06021EEBA0B811142CD7454C</CONCEPT>
     <LFD_NUM>0001</LFD_NUM>
    </SOTR_USE>
    <SOTR_USE>
     <PGMID>R3TR</PGMID>
     <OBJECT>ENHO</OBJECT>
     <OBJ_NAME>ZPOS_EI_ARTICLE</OBJ_NAME>
     <CONCEPT>5A65721F06021EEBA0B811142CD7654C</CONCEPT>
     <LFD_NUM>0001</LFD_NUM>
    </SOTR_USE>
    <SOTR_USE>
     <PGMID>R3TR</PGMID>
     <OBJECT>ENHO</OBJECT>
     <OBJ_NAME>ZPOS_EI_ARTICLE</OBJ_NAME>
     <CONCEPT>5A65721F06021EEBA0B834B9E444A56B</CONCEPT>
     <LFD_NUM>0001</LFD_NUM>
    </SOTR_USE>
   </SOTR_USE>
  </asx:values>
 </asx:abap>
</abapGit>
