﻿<?xml version="1.0" encoding="utf-8"?>
<abapGit version="v1.0.0" serializer="LCL_OBJECT_DTEL" serializer_version="v1.0.0">
 <asx:abap xmlns:asx="http://www.sap.com/abapxml" version="1.0">
  <asx:values>
   <DD04V>
    <ROLLNAME>ZPOS_DISCIDQUALIFIER</ROLLNAME>
    <DDLANGUAGE>E</DDLANGUAGE>
    <DOMNAME>ZPOS_DISCIDQUALIFIER</DOMNAME>
    <HEADLEN>02</HEADLEN>
    <SCRLEN1>10</SCRLEN1>
    <SCRLEN2>20</SCRLEN2>
    <SCRLEN3>30</SCRLEN3>
    <DDTEXT>Qualifier for Discount Indicator</DDTEXT>
    <REPTEXT>QD</REPTEXT>
    <SCRTEXT_S>QualDiscID</SCRTEXT_S>
    <SCRTEXT_M>QualifierDiscountID</SCRTEXT_M>
    <SCRTEXT_L>Qualifier for Discount ID</SCRTEXT_L>
    <DTELMASTER>D</DTELMASTER>
    <DEFFDNAME>DISCIDQUALIFIER</DEFFDNAME>
    <REFKIND>D</REFKIND>
   </DD04V>
  </asx:values>
 </asx:abap>
</abapGit>
