﻿<?xml version="1.0" encoding="utf-8"?>
<abapGit version="v1.0.0" serializer="LCL_OBJECT_TOBJ" serializer_version="v1.0.0">
 <asx:abap xmlns:asx="http://www.sap.com/abapxml" version="1.0">
  <asx:values>
   <OBJH>
    <OBJECTNAME>ZPOS_ARTPRC_STS</OBJECTNAME>
    <OBJECTTYPE>S</OBJECTTYPE>
    <CLIDEP>X</CLIDEP>
    <OBJCATEG>APPL</OBJCATEG>
    <IMPORTABLE>3</IMPORTABLE>
   </OBJH>
   <OBJT>
    <LANGUAGE>E</LANGUAGE>
    <OBJECTNAME>ZPOS_ARTPRC_STS</OBJECTNAME>
    <OBJECTTYPE>S</OBJECTTYPE>
    <DDTEXT>POS - Article PriceList - Distribution Status</DDTEXT>
   </OBJT>
   <OBJS>
    <OBJS>
     <OBJECTNAME>ZPOS_ARTPRC_STS</OBJECTNAME>
     <OBJECTTYPE>S</OBJECTTYPE>
     <TABNAME>ZPOS_ARTPRC_STS</TABNAME>
     <DDIC>X</DDIC>
     <PRIM_TABLE>X</PRIM_TABLE>
    </OBJS>
   </OBJS>
   <TOBJ>
    <TDDAT>
     <TABNAME>ZPOS_ARTPRC_STS</TABNAME>
     <CCLASS>&amp;NC&amp;</CCLASS>
    </TDDAT>
    <TVDIR>
     <TABNAME>ZPOS_ARTPRC_STS</TABNAME>
     <AREA>ZPOS_TABLES</AREA>
     <TYPE>1</TYPE>
     <LISTE>0001</LISTE>
     <BASTAB>X</BASTAB>
     <FLAG>X</FLAG>
    </TVDIR>
   </TOBJ>
  </asx:values>
 </asx:abap>
</abapGit>
