﻿<?xml version="1.0" encoding="utf-8"?>
<abapGit version="v1.0.0" serializer="LCL_OBJECT_DTEL" serializer_version="v1.0.0">
 <asx:abap xmlns:asx="http://www.sap.com/abapxml" version="1.0">
  <asx:values>
   <DD04V>
    <ROLLNAME>ZPOS_RETAILQUANTITY</ROLLNAME>
    <DDLANGUAGE>E</DDLANGUAGE>
    <DOMNAME>ZPOS_QUANTITY</DOMNAME>
    <HEADLEN>13</HEADLEN>
    <SCRLEN1>10</SCRLEN1>
    <SCRLEN2>20</SCRLEN2>
    <SCRLEN3>40</SCRLEN3>
    <DDTEXT>Quantity in Sales Unit</DDTEXT>
    <REPTEXT>Sales Qty</REPTEXT>
    <SCRTEXT_S>Qty (SUn)</SCRTEXT_S>
    <SCRTEXT_M>Sales Quantity</SCRTEXT_M>
    <SCRTEXT_L>Quantity in Sales Unit</SCRTEXT_L>
    <DTELMASTER>D</DTELMASTER>
    <DEFFDNAME>RETAILQUANTITY</DEFFDNAME>
    <REFKIND>D</REFKIND>
   </DD04V>
  </asx:values>
 </asx:abap>
</abapGit>
