﻿<?xml version="1.0" encoding="utf-8"?>
<abapGit version="v1.0.0" serializer="LCL_OBJECT_TRAN" serializer_version="v1.0.0">
 <asx:abap xmlns:asx="http://www.sap.com/abapxml" version="1.0">
  <asx:values>
   <TSTC>
    <TCODE>ZPOS_ARM1</TCODE>
    <PGMNA>SAPMZPOS_SEARCH_RETURN</PGMNA>
    <DYPNO>9000</DYPNO>
   </TSTC>
   <TSTCC>
    <TCODE>ZPOS_ARM1</TCODE>
   </TSTCC>
   <TSTCT>
    <SPRSL>E</SPRSL>
    <TCODE>ZPOS_ARM1</TCODE>
    <TTEXT>ARM - Search &amp; Return</TTEXT>
   </TSTCT>
  </asx:values>
 </asx:abap>
</abapGit>
