﻿<?xml version="1.0" encoding="utf-8"?>
<abapGit version="v1.0.0" serializer="LCL_OBJECT_DTEL" serializer_version="v1.0.0">
 <asx:abap xmlns:asx="http://www.sap.com/abapxml" version="1.0">
  <asx:values>
   <DD04V>
    <ROLLNAME>ZPOS_REFERENCEID</ROLLNAME>
    <DDLANGUAGE>E</DDLANGUAGE>
    <DOMNAME>ZPOS_REFERENCEID</DOMNAME>
    <HEADLEN>35</HEADLEN>
    <SCRLEN1>10</SCRLEN1>
    <SCRLEN2>20</SCRLEN2>
    <SCRLEN3>40</SCRLEN3>
    <DDTEXT>Reference Number</DDTEXT>
    <REPTEXT>Reference Number</REPTEXT>
    <SCRTEXT_S>Ref. No.</SCRTEXT_S>
    <SCRTEXT_M>Reference no.</SCRTEXT_M>
    <SCRTEXT_L>Reference Number</SCRTEXT_L>
    <DTELMASTER>D</DTELMASTER>
    <DEFFDNAME>REFERENCEID</DEFFDNAME>
    <REFKIND>D</REFKIND>
   </DD04V>
  </asx:values>
 </asx:abap>
</abapGit>
