﻿<?xml version="1.0" encoding="utf-8"?>
<abapGit version="v1.0.0" serializer="LCL_OBJECT_DTEL" serializer_version="v1.0.0">
 <asx:abap xmlns:asx="http://www.sap.com/abapxml" version="1.0">
  <asx:values>
   <DD04V>
    <ROLLNAME>ZPOS_ITEMIDQUALIFIER</ROLLNAME>
    <DDLANGUAGE>E</DDLANGUAGE>
    <DOMNAME>ZPOS_ITEMIDQUALIFIER</DOMNAME>
    <HEADLEN>02</HEADLEN>
    <SCRLEN1>10</SCRLEN1>
    <SCRLEN2>20</SCRLEN2>
    <SCRLEN3>40</SCRLEN3>
    <DDTEXT>Qualifier for Article Identifier</DDTEXT>
    <REPTEXT>AQ</REPTEXT>
    <SCRTEXT_S>Art. ID</SCRTEXT_S>
    <SCRTEXT_M>Qualif. for Art. ID</SCRTEXT_M>
    <SCRTEXT_L>Qualifier for Article Identifier</SCRTEXT_L>
    <DTELMASTER>E</DTELMASTER>
    <DEFFDNAME>ITEMIDQUALIFIER</DEFFDNAME>
    <REFKIND>D</REFKIND>
   </DD04V>
  </asx:values>
 </asx:abap>
</abapGit>
