﻿<?xml version="1.0" encoding="utf-8"?>
<abapGit version="v1.0.0" serializer="LCL_OBJECT_IDOC" serializer_version="v1.0.0">
 <asx:abap xmlns:asx="http://www.sap.com/abapxml" version="1.0">
  <asx:values>
   <IDOC>
    <ATTRIBUTES>
     <DESCRP>POS - Article Information</DESCRP>
     <FIRSTTYP>ZPOS_ARTICLE_01</FIRSTTYP>
     <LASTTYP>ZPOS_ARTICLE_01</LASTTYP>
    </ATTRIBUTES>
    <T_SYNTAX>
     <EDI_IAPI02>
      <NR>0001</NR>
      <SEGTYP>ZPOS_ARTICLE_01</SEGTYP>
      <PARFLG>X</PARFLG>
      <MUSTFL>X</MUSTFL>
      <OCCMIN>0000000001</OCCMIN>
      <OCCMAX>9999999999</OCCMAX>
      <HLEVEL>02</HLEVEL>
     </EDI_IAPI02>
     <EDI_IAPI02>
      <NR>0002</NR>
      <SEGTYP>ZPOS_ARTICLE_BOM_01</SEGTYP>
      <PARSEG>ZPOS_ARTICLE_01</PARSEG>
      <PARPNO>0001</PARPNO>
      <OCCMIN>0000000001</OCCMIN>
      <OCCMAX>9999999999</OCCMAX>
      <HLEVEL>03</HLEVEL>
     </EDI_IAPI02>
     <EDI_IAPI02>
      <NR>0003</NR>
      <SEGTYP>ZPOS_ARTICLE_SCALE_01</SEGTYP>
      <PARSEG>ZPOS_ARTICLE_01</PARSEG>
      <PARPNO>0001</PARPNO>
      <OCCMIN>0000000001</OCCMIN>
      <OCCMAX>9999999999</OCCMAX>
      <HLEVEL>03</HLEVEL>
     </EDI_IAPI02>
    </T_SYNTAX>
   </IDOC>
  </asx:values>
 </asx:abap>
</abapGit>
