﻿<?xml version="1.0" encoding="utf-8"?>
<abapGit version="v1.0.0" serializer="LCL_OBJECT_DTEL" serializer_version="v1.0.0">
 <asx:abap xmlns:asx="http://www.sap.com/abapxml" version="1.0">
  <asx:values>
   <DD04V>
    <ROLLNAME>ZPOS_TENDERTYPEGROUP</ROLLNAME>
    <DDLANGUAGE>E</DDLANGUAGE>
    <DOMNAME>ZPOS_TENDERTYPEGROUP</DOMNAME>
    <HEADLEN>04</HEADLEN>
    <SCRLEN1>10</SCRLEN1>
    <SCRLEN2>20</SCRLEN2>
    <SCRLEN3>40</SCRLEN3>
    <DDTEXT>Payment Means Group</DDTEXT>
    <REPTEXT>TGrp</REPTEXT>
    <SCRTEXT_S>PymtMnsGrp</SCRTEXT_S>
    <SCRTEXT_M>Payment Means Group</SCRTEXT_M>
    <SCRTEXT_L>Payment Means Group</SCRTEXT_L>
    <DTELMASTER>D</DTELMASTER>
    <REFKIND>D</REFKIND>
   </DD04V>
  </asx:values>
 </asx:abap>
</abapGit>
