﻿<?xml version="1.0" encoding="utf-8"?>
<abapGit version="v1.0.0" serializer="LCL_OBJECT_TABL" serializer_version="v1.0.0">
 <asx:abap xmlns:asx="http://www.sap.com/abapxml" version="1.0">
  <asx:values>
   <DD02V>
    <TABNAME>ZPOS_OFFER_HEADER_01</TABNAME>
    <DDLANGUAGE>E</DDLANGUAGE>
    <TABCLASS>INTTAB</TABCLASS>
    <DDTEXT>POS - ViKING Pricing Offer Header</DDTEXT>
    <MASTERLANG>E</MASTERLANG>
    <EXCLASS>1</EXCLASS>
   </DD02V>
   <DD03P_TABLE>
    <DD03P>
     <FIELDNAME>ACTION</FIELDNAME>
     <ADMINFIELD>0</ADMINFIELD>
     <INTTYPE>C</INTTYPE>
     <INTLEN>000002</INTLEN>
     <DATATYPE>CHAR</DATATYPE>
     <LENG>000001</LENG>
     <MASK>  CHAR</MASK>
    </DD03P>
    <DD03P>
     <FIELDNAME>COUNTRY</FIELDNAME>
     <ADMINFIELD>0</ADMINFIELD>
     <INTTYPE>C</INTTYPE>
     <INTLEN>000006</INTLEN>
     <DATATYPE>CHAR</DATATYPE>
     <LENG>000003</LENG>
     <MASK>  CHAR</MASK>
    </DD03P>
    <DD03P>
     <FIELDNAME>STORE</FIELDNAME>
     <ADMINFIELD>0</ADMINFIELD>
     <INTTYPE>C</INTTYPE>
     <INTLEN>000008</INTLEN>
     <DATATYPE>CHAR</DATATYPE>
     <LENG>000004</LENG>
     <MASK>  CHAR</MASK>
    </DD03P>
    <DD03P>
     <FIELDNAME>BBYNR</FIELDNAME>
     <ADMINFIELD>0</ADMINFIELD>
     <INTTYPE>C</INTTYPE>
     <INTLEN>000024</INTLEN>
     <DATATYPE>CHAR</DATATYPE>
     <LENG>000012</LENG>
     <MASK>  CHAR</MASK>
    </DD03P>
    <DD03P>
     <FIELDNAME>S4_OFFER_ID</FIELDNAME>
     <ADMINFIELD>0</ADMINFIELD>
     <INTTYPE>C</INTTYPE>
     <INTLEN>000072</INTLEN>
     <DATATYPE>CHAR</DATATYPE>
     <LENG>000036</LENG>
     <MASK>  CHAR</MASK>
    </DD03P>
    <DD03P>
     <FIELDNAME>VK_OFFER_ID</FIELDNAME>
     <ADMINFIELD>0</ADMINFIELD>
     <INTTYPE>C</INTTYPE>
     <INTLEN>000016</INTLEN>
     <DATATYPE>CHAR</DATATYPE>
     <LENG>000008</LENG>
     <MASK>  CHAR</MASK>
    </DD03P>
    <DD03P>
     <FIELDNAME>DESCRIPTION</FIELDNAME>
     <ADMINFIELD>0</ADMINFIELD>
     <INTTYPE>C</INTTYPE>
     <INTLEN>000120</INTLEN>
     <DATATYPE>CHAR</DATATYPE>
     <LENG>000060</LENG>
     <MASK>  CHAR</MASK>
    </DD03P>
    <DD03P>
     <FIELDNAME>RECEIPT_TEXT</FIELDNAME>
     <ADMINFIELD>0</ADMINFIELD>
     <INTTYPE>C</INTTYPE>
     <INTLEN>000120</INTLEN>
     <DATATYPE>CHAR</DATATYPE>
     <LENG>000060</LENG>
     <MASK>  CHAR</MASK>
    </DD03P>
    <DD03P>
     <FIELDNAME>DISCOUNT_METHOD</FIELDNAME>
     <ADMINFIELD>0</ADMINFIELD>
     <INTTYPE>C</INTTYPE>
     <INTLEN>000002</INTLEN>
     <DATATYPE>CHAR</DATATYPE>
     <LENG>000001</LENG>
     <MASK>  CHAR</MASK>
    </DD03P>
    <DD03P>
     <FIELDNAME>DISCOUNT_VALUE</FIELDNAME>
     <ADMINFIELD>0</ADMINFIELD>
     <INTTYPE>C</INTTYPE>
     <INTLEN>000026</INTLEN>
     <DATATYPE>CHAR</DATATYPE>
     <LENG>000013</LENG>
     <MASK>  CHAR</MASK>
    </DD03P>
    <DD03P>
     <FIELDNAME>VALID_FROM</FIELDNAME>
     <ADMINFIELD>0</ADMINFIELD>
     <INTTYPE>C</INTTYPE>
     <INTLEN>000028</INTLEN>
     <DATATYPE>CHAR</DATATYPE>
     <LENG>000014</LENG>
     <MASK>  CHAR</MASK>
    </DD03P>
    <DD03P>
     <FIELDNAME>VALID_TO</FIELDNAME>
     <ADMINFIELD>0</ADMINFIELD>
     <INTTYPE>C</INTTYPE>
     <INTLEN>000028</INTLEN>
     <DATATYPE>CHAR</DATATYPE>
     <LENG>000014</LENG>
     <MASK>  CHAR</MASK>
    </DD03P>
    <DD03P>
     <FIELDNAME>SET_DISCOUNT</FIELDNAME>
     <ADMINFIELD>0</ADMINFIELD>
     <INTTYPE>C</INTTYPE>
     <INTLEN>000002</INTLEN>
     <DATATYPE>CHAR</DATATYPE>
     <LENG>000001</LENG>
     <MASK>  CHAR</MASK>
    </DD03P>
    <DD03P>
     <FIELDNAME>MAX_DISCOUNT_QTY</FIELDNAME>
     <ADMINFIELD>0</ADMINFIELD>
     <INTTYPE>C</INTTYPE>
     <INTLEN>000012</INTLEN>
     <DATATYPE>CHAR</DATATYPE>
     <LENG>000006</LENG>
     <MASK>  CHAR</MASK>
    </DD03P>
    <DD03P>
     <FIELDNAME>ITEMID</FIELDNAME>
     <ADMINFIELD>0</ADMINFIELD>
     <INTTYPE>C</INTTYPE>
     <INTLEN>000036</INTLEN>
     <DATATYPE>CHAR</DATATYPE>
     <LENG>000018</LENG>
     <MASK>  CHAR</MASK>
    </DD03P>
   </DD03P_TABLE>
   <SEGMENT_DEFINITION>
    <item>
     <SEGMENTHEADER>
      <SEGTYP>ZPOS_OFFER_HEADER_01</SEGTYP>
      <DESCRP>POS - ViKING Pricing Offer Header</DESCRP>
     </SEGMENTHEADER>
     <SEGMENTDEFINITION>
      <SEGTYP>ZPOS_OFFER_HEADER_01</SEGTYP>
      <SEGDEF>ZPOS_OFFER_HEADER_01000</SEGDEF>
      <FIELDNUM>0015</FIELDNUM>
      <EXPLENG>0251</EXPLENG>
     </SEGMENTDEFINITION>
     <SEGMENTSTRUCTURES>
      <EDISEGSTRU>
       <SEGTYP>ZPOS_OFFER_HEADER_01</SEGTYP>
       <POS>0001</POS>
       <FIELDNAME>ACTION</FIELDNAME>
       <ROLLNAME>BAPIUPDKZ</ROLLNAME>
       <EXPLENG>0001</EXPLENG>
      </EDISEGSTRU>
      <EDISEGSTRU>
       <SEGTYP>ZPOS_OFFER_HEADER_01</SEGTYP>
       <POS>0002</POS>
       <FIELDNAME>COUNTRY</FIELDNAME>
       <ROLLNAME>LAND1</ROLLNAME>
       <EXPLENG>0003</EXPLENG>
      </EDISEGSTRU>
      <EDISEGSTRU>
       <SEGTYP>ZPOS_OFFER_HEADER_01</SEGTYP>
       <POS>0003</POS>
       <FIELDNAME>STORE</FIELDNAME>
       <ROLLNAME>WERKS_D</ROLLNAME>
       <EXPLENG>0004</EXPLENG>
      </EDISEGSTRU>
      <EDISEGSTRU>
       <SEGTYP>ZPOS_OFFER_HEADER_01</SEGTYP>
       <POS>0004</POS>
       <FIELDNAME>BBYNR</FIELDNAME>
       <ROLLNAME>BBYNR</ROLLNAME>
       <EXPLENG>0012</EXPLENG>
      </EDISEGSTRU>
      <EDISEGSTRU>
       <SEGTYP>ZPOS_OFFER_HEADER_01</SEGTYP>
       <POS>0005</POS>
       <FIELDNAME>S4_OFFER_ID</FIELDNAME>
       <ROLLNAME>WPM_OFFERID</ROLLNAME>
       <EXPLENG>0036</EXPLENG>
      </EDISEGSTRU>
      <EDISEGSTRU>
       <SEGTYP>ZPOS_OFFER_HEADER_01</SEGTYP>
       <POS>0006</POS>
       <FIELDNAME>VK_OFFER_ID</FIELDNAME>
       <ROLLNAME>ZPOS_VK_OFFER_ID</ROLLNAME>
       <EXPLENG>0008</EXPLENG>
      </EDISEGSTRU>
      <EDISEGSTRU>
       <SEGTYP>ZPOS_OFFER_HEADER_01</SEGTYP>
       <POS>0007</POS>
       <FIELDNAME>DESCRIPTION</FIELDNAME>
       <ROLLNAME>BBYTEXT</ROLLNAME>
       <EXPLENG>0060</EXPLENG>
      </EDISEGSTRU>
      <EDISEGSTRU>
       <SEGTYP>ZPOS_OFFER_HEADER_01</SEGTYP>
       <POS>0008</POS>
       <FIELDNAME>RECEIPT_TEXT</FIELDNAME>
       <ROLLNAME>BBYTEXT</ROLLNAME>
       <EXPLENG>0060</EXPLENG>
      </EDISEGSTRU>
      <EDISEGSTRU>
       <SEGTYP>ZPOS_OFFER_HEADER_01</SEGTYP>
       <POS>0009</POS>
       <FIELDNAME>DISCOUNT_METHOD</FIELDNAME>
       <ROLLNAME>ZPOS_VK_DISCOUNT_METHOD</ROLLNAME>
       <EXPLENG>0001</EXPLENG>
      </EDISEGSTRU>
      <EDISEGSTRU>
       <SEGTYP>ZPOS_OFFER_HEADER_01</SEGTYP>
       <POS>0010</POS>
       <FIELDNAME>DISCOUNT_VALUE</FIELDNAME>
       <ROLLNAME>KBETR</ROLLNAME>
       <EXPLENG>0013</EXPLENG>
      </EDISEGSTRU>
      <EDISEGSTRU>
       <SEGTYP>ZPOS_OFFER_HEADER_01</SEGTYP>
       <POS>0011</POS>
       <FIELDNAME>VALID_FROM</FIELDNAME>
       <ROLLNAME>HDB_TIMESTAMP</ROLLNAME>
       <EXPLENG>0014</EXPLENG>
      </EDISEGSTRU>
      <EDISEGSTRU>
       <SEGTYP>ZPOS_OFFER_HEADER_01</SEGTYP>
       <POS>0012</POS>
       <FIELDNAME>VALID_TO</FIELDNAME>
       <ROLLNAME>HDB_TIMESTAMP</ROLLNAME>
       <EXPLENG>0014</EXPLENG>
      </EDISEGSTRU>
      <EDISEGSTRU>
       <SEGTYP>ZPOS_OFFER_HEADER_01</SEGTYP>
       <POS>0013</POS>
       <FIELDNAME>SET_DISCOUNT</FIELDNAME>
       <ROLLNAME>BOOLEAN_01</ROLLNAME>
       <EXPLENG>0001</EXPLENG>
      </EDISEGSTRU>
      <EDISEGSTRU>
       <SEGTYP>ZPOS_OFFER_HEADER_01</SEGTYP>
       <POS>0014</POS>
       <FIELDNAME>MAX_DISCOUNT_QTY</FIELDNAME>
       <ROLLNAME>INT2</ROLLNAME>
       <EXPLENG>0006</EXPLENG>
      </EDISEGSTRU>
      <EDISEGSTRU>
       <SEGTYP>ZPOS_OFFER_HEADER_01</SEGTYP>
       <POS>0015</POS>
       <FIELDNAME>ITEMID</FIELDNAME>
       <ROLLNAME>EAN11</ROLLNAME>
       <EXPLENG>0018</EXPLENG>
      </EDISEGSTRU>
     </SEGMENTSTRUCTURES>
    </item>
   </SEGMENT_DEFINITION>
  </asx:values>
 </asx:abap>
</abapGit>
