﻿<?xml version="1.0" encoding="utf-8"?>
<abapGit version="v1.0.0" serializer="LCL_OBJECT_TABL" serializer_version="v1.0.0">
 <asx:abap xmlns:asx="http://www.sap.com/abapxml" version="1.0">
  <asx:values>
   <DD02V>
    <TABNAME>ZPOS_SEARCH_DISCOUNT_STY</TABNAME>
    <DDLANGUAGE>E</DDLANGUAGE>
    <TABCLASS>INTTAB</TABCLASS>
    <DDTEXT>POS DTA - Receipt Serach RetailLine Item Discount - Struc</DDTEXT>
   </DD02V>
   <DD03P_TABLE>
    <DD03P>
     <FIELDNAME>DISCNUMBER</FIELDNAME>
     <ROLLNAME>ZPOS_DISCOUNTSEQUENCENUMBER</ROLLNAME>
     <ADMINFIELD>0</ADMINFIELD>
     <COMPTYPE>E</COMPTYPE>
    </DD03P>
    <DD03P>
     <FIELDNAME>DISCTYPECODE</FIELDNAME>
     <ROLLNAME>ZPOS_DISCOUNTTYPECODE</ROLLNAME>
     <ADMINFIELD>0</ADMINFIELD>
     <COMPTYPE>E</COMPTYPE>
    </DD03P>
    <DD03P>
     <FIELDNAME>DISCREASONCODE</FIELDNAME>
     <ROLLNAME>ZPOS_DISCOUNTREASONCODE</ROLLNAME>
     <ADMINFIELD>0</ADMINFIELD>
     <COMPTYPE>E</COMPTYPE>
    </DD03P>
    <DD03P>
     <FIELDNAME>REDUCTIONAMOUNT</FIELDNAME>
     <ROLLNAME>ZPOS_REDUCTIONAMOUNT</ROLLNAME>
     <ADMINFIELD>0</ADMINFIELD>
     <REFTABLE>ZPOS_SEARCH_TRANSACTION_STY</REFTABLE>
     <REFFIELD>TRANSCURRENCY</REFFIELD>
     <COMPTYPE>E</COMPTYPE>
    </DD03P>
    <DD03P>
     <FIELDNAME>DISCACCOUNT</FIELDNAME>
     <ROLLNAME>ZPOS_STFINLEDGERACCOUNTID</ROLLNAME>
     <ADMINFIELD>0</ADMINFIELD>
     <COMPTYPE>E</COMPTYPE>
    </DD03P>
    <DD03P>
     <FIELDNAME>DISCID</FIELDNAME>
     <ROLLNAME>ZPOS_DISCOUNTID</ROLLNAME>
     <ADMINFIELD>0</ADMINFIELD>
     <COMPTYPE>E</COMPTYPE>
    </DD03P>
    <DD03P>
     <FIELDNAME>DISCIDQUALIFIER</FIELDNAME>
     <ROLLNAME>ZPOS_DISCIDQUALIFIER</ROLLNAME>
     <ADMINFIELD>0</ADMINFIELD>
     <VALEXI>X</VALEXI>
     <SHLPORIGIN>F</SHLPORIGIN>
     <COMPTYPE>E</COMPTYPE>
    </DD03P>
    <DD03P>
     <FIELDNAME>BONUSBUYID</FIELDNAME>
     <ROLLNAME>ZPOS_BONUSBUYID</ROLLNAME>
     <ADMINFIELD>0</ADMINFIELD>
     <COMPTYPE>E</COMPTYPE>
    </DD03P>
    <DD03P>
     <FIELDNAME>OFFERID</FIELDNAME>
     <ROLLNAME>ZPOS_OFFERID</ROLLNAME>
     <ADMINFIELD>0</ADMINFIELD>
     <COMPTYPE>E</COMPTYPE>
    </DD03P>
    <DD03P>
     <FIELDNAME>DISCTYPEGROUP</FIELDNAME>
     <ROLLNAME>ZPOS_DISCOUNTTYPEGROUP</ROLLNAME>
     <ADMINFIELD>0</ADMINFIELD>
     <COMPTYPE>E</COMPTYPE>
    </DD03P>
    <DD03P>
     <FIELDNAME>DISCREASONGROUP</FIELDNAME>
     <ROLLNAME>ZPOS_DISCOUNTREASONGROUP</ROLLNAME>
     <ADMINFIELD>0</ADMINFIELD>
     <COMPTYPE>E</COMPTYPE>
    </DD03P>
    <DD03P>
     <FIELDNAME>DISCDEBITFLAG</FIELDNAME>
     <ROLLNAME>ZPOS_DEBITFLAG</ROLLNAME>
     <ADMINFIELD>0</ADMINFIELD>
     <VALEXI>X</VALEXI>
     <SHLPORIGIN>F</SHLPORIGIN>
     <COMPTYPE>E</COMPTYPE>
    </DD03P>
   </DD03P_TABLE>
  </asx:values>
 </asx:abap>
</abapGit>
