﻿<?xml version="1.0" encoding="utf-8"?>
<abapGit version="v1.0.0" serializer="LCL_OBJECT_NROB" serializer_version="v1.0.0">
 <asx:abap xmlns:asx="http://www.sap.com/abapxml" version="1.0">
  <asx:values>
   <ATTRIBUTES>
    <OBJECT>ZPOS_BBY</OBJECT>
    <DOMLEN>ZPOS_VK_OFFER_ID</DOMLEN>
    <PERCENTAGE>10.0</PERCENTAGE>
    <CODE>ZPOS_BBY_NR</CODE>
    <BUFFER>X</BUFFER>
    <NOIVBUFFER>00000010</NOIVBUFFER>
    <CHANGED_AT>20210305144302.929825</CHANGED_AT>
    <CHANGED_BY>BRENNANN</CHANGED_BY>
    <ENAME>BRENNANN</ENAME>
    <EDATE>2021-03-05</EDATE>
    <ETIME>11:27:14</ETIME>
   </ATTRIBUTES>
   <TEXT>
    <LANGU>E</LANGU>
    <OBJECT>ZPOS_BBY</OBJECT>
    <TXT>Number Range used for BBYs for ViKING</TXT>
    <TXTSHORT>POS BBY Number Range</TXTSHORT>
    <ENAME>BRENNANN</ENAME>
    <EDATE>2021-03-05</EDATE>
    <ETIME>11:27:14</ETIME>
   </TEXT>
  </asx:values>
 </asx:abap>
</abapGit>
