﻿<?xml version="1.0" encoding="utf-8"?>
<abapGit version="v1.0.0" serializer="LCL_OBJECT_DTEL" serializer_version="v1.0.0">
 <asx:abap xmlns:asx="http://www.sap.com/abapxml" version="1.0">
  <asx:values>
   <DD04V>
    <ROLLNAME>ZPOS_DEBITFLAG</ROLLNAME>
    <DDLANGUAGE>E</DDLANGUAGE>
    <DOMNAME>ZPOS_DEBITFLAG</DOMNAME>
    <HEADLEN>02</HEADLEN>
    <SCRLEN1>10</SCRLEN1>
    <SCRLEN2>20</SCRLEN2>
    <SCRLEN3>40</SCRLEN3>
    <DDTEXT>Debit/Credit Indicator</DDTEXT>
    <REPTEXT>DC</REPTEXT>
    <SCRTEXT_S>Deb./Cred.</SCRTEXT_S>
    <SCRTEXT_M>Debit/Credit Ind.</SCRTEXT_M>
    <SCRTEXT_L>Debit/Credit Indicator</SCRTEXT_L>
    <DTELMASTER>D</DTELMASTER>
    <REFKIND>D</REFKIND>
   </DD04V>
  </asx:values>
 </asx:abap>
</abapGit>
