﻿<?xml version="1.0" encoding="utf-8"?>
<abapGit version="v1.0.0" serializer="LCL_OBJECT_DTEL" serializer_version="v1.0.0">
 <asx:abap xmlns:asx="http://www.sap.com/abapxml" version="1.0">
  <asx:values>
   <DD04V>
    <ROLLNAME>ZPOS_BEGINDATETIMESTAMP</ROLLNAME>
    <DDLANGUAGE>E</DDLANGUAGE>
    <DOMNAME>ZPOS_TIMESTAMP</DOMNAME>
    <HEADLEN>10</HEADLEN>
    <SCRLEN1>10</SCRLEN1>
    <SCRLEN2>20</SCRLEN2>
    <SCRLEN3>30</SCRLEN3>
    <DDTEXT>Second in Which Transaction Starts</DDTEXT>
    <REPTEXT>Trans.Strt</REPTEXT>
    <SCRTEXT_S>Trans.Strt</SCRTEXT_S>
    <SCRTEXT_M>Start of Transaction</SCRTEXT_M>
    <SCRTEXT_L>Start of Transaction</SCRTEXT_L>
    <DTELMASTER>D</DTELMASTER>
    <DEFFDNAME>BEGINDATETIMESTAMP</DEFFDNAME>
    <REFKIND>D</REFKIND>
   </DD04V>
  </asx:values>
 </asx:abap>
</abapGit>
