﻿<?xml version="1.0" encoding="utf-8"?>
<abapGit version="v1.0.0" serializer="LCL_OBJECT_TABL" serializer_version="v1.0.0">
 <asx:abap xmlns:asx="http://www.sap.com/abapxml" version="1.0">
  <asx:values>
   <DD02V>
    <TABNAME>ZPOS_ARTICLE_SCALE_01</TABNAME>
    <DDLANGUAGE>E</DDLANGUAGE>
    <TABCLASS>INTTAB</TABCLASS>
    <DDTEXT>POS - Article Price Scale</DDTEXT>
    <MASTERLANG>E</MASTERLANG>
    <EXCLASS>1</EXCLASS>
   </DD02V>
   <DD03P_TABLE>
    <DD03P>
     <FIELDNAME>KLFN1</FIELDNAME>
     <ADMINFIELD>0</ADMINFIELD>
     <INTTYPE>C</INTTYPE>
     <INTLEN>000008</INTLEN>
     <DATATYPE>CHAR</DATATYPE>
     <LENG>000004</LENG>
     <MASK>  CHAR</MASK>
    </DD03P>
    <DD03P>
     <FIELDNAME>KSTBM</FIELDNAME>
     <ADMINFIELD>0</ADMINFIELD>
     <INTTYPE>C</INTTYPE>
     <INTLEN>000034</INTLEN>
     <DATATYPE>CHAR</DATATYPE>
     <LENG>000017</LENG>
     <MASK>  CHAR</MASK>
    </DD03P>
    <DD03P>
     <FIELDNAME>KBETR</FIELDNAME>
     <ADMINFIELD>0</ADMINFIELD>
     <INTTYPE>C</INTTYPE>
     <INTLEN>000026</INTLEN>
     <DATATYPE>CHAR</DATATYPE>
     <LENG>000013</LENG>
     <MASK>  CHAR</MASK>
    </DD03P>
   </DD03P_TABLE>
   <SEGMENT_DEFINITION>
    <item>
     <SEGMENTHEADER>
      <SEGTYP>ZPOS_ARTICLE_SCALE_01</SEGTYP>
      <DESCRP>POS - Article Price Scale</DESCRP>
     </SEGMENTHEADER>
     <SEGMENTDEFINITION>
      <SEGTYP>ZPOS_ARTICLE_SCALE_01</SEGTYP>
      <SEGDEF>ZPOS_ARTICLE_SCALE_01000</SEGDEF>
      <FIELDNUM>0003</FIELDNUM>
      <EXPLENG>0034</EXPLENG>
     </SEGMENTDEFINITION>
     <SEGMENTSTRUCTURES>
      <EDISEGSTRU>
       <SEGTYP>ZPOS_ARTICLE_SCALE_01</SEGTYP>
       <POS>0001</POS>
       <FIELDNAME>KLFN1</FIELDNAME>
       <ROLLNAME>KLFN1</ROLLNAME>
       <EXPLENG>0004</EXPLENG>
      </EDISEGSTRU>
      <EDISEGSTRU>
       <SEGTYP>ZPOS_ARTICLE_SCALE_01</SEGTYP>
       <POS>0002</POS>
       <FIELDNAME>KSTBM</FIELDNAME>
       <ROLLNAME>KSTBM</ROLLNAME>
       <EXPLENG>0017</EXPLENG>
      </EDISEGSTRU>
      <EDISEGSTRU>
       <SEGTYP>ZPOS_ARTICLE_SCALE_01</SEGTYP>
       <POS>0003</POS>
       <FIELDNAME>KBETR</FIELDNAME>
       <ROLLNAME>KBETR</ROLLNAME>
       <EXPLENG>0013</EXPLENG>
      </EDISEGSTRU>
     </SEGMENTSTRUCTURES>
    </item>
   </SEGMENT_DEFINITION>
  </asx:values>
 </asx:abap>
</abapGit>
