﻿<?xml version="1.0" encoding="utf-8"?>
<abapGit version="v1.0.0" serializer="LCL_OBJECT_DOMA" serializer_version="v1.0.0">
 <asx:abap xmlns:asx="http://www.sap.com/abapxml" version="1.0">
  <asx:values>
   <DD01V>
    <DOMNAME>ZPOS_APPEND</DOMNAME>
    <DDLANGUAGE>E</DDLANGUAGE>
    <VALEXI>X</VALEXI>
    <DDTEXT>POS - Price List Append</DDTEXT>
    <APPENDNAME>BLTYP</APPENDNAME>
   </DD01V>
   <DD07V_TAB>
    <DD07V>
     <DOMNAME>ZPOS_APPEND</DOMNAME>
     <VALPOS>0001</VALPOS>
     <DDLANGUAGE>E</DDLANGUAGE>
     <DOMVALUE_L>99</DOMVALUE_L>
     <DDTEXT>POS Price List</DDTEXT>
    </DD07V>
   </DD07V_TAB>
  </asx:values>
 </asx:abap>
</abapGit>
