﻿<?xml version="1.0" encoding="utf-8"?>
<abapGit version="v1.0.0" serializer="LCL_OBJECT_DTEL" serializer_version="v1.0.0">
 <asx:abap xmlns:asx="http://www.sap.com/abapxml" version="1.0">
  <asx:values>
   <DD04V>
    <ROLLNAME>ZPOS_TENDERID</ROLLNAME>
    <DDLANGUAGE>E</DDLANGUAGE>
    <DOMNAME>ZPOS_CHAR32ALPHA</DOMNAME>
    <HEADLEN>32</HEADLEN>
    <SCRLEN1>10</SCRLEN1>
    <SCRLEN2>20</SCRLEN2>
    <SCRLEN3>40</SCRLEN3>
    <DDTEXT>Tender Identifier</DDTEXT>
    <REPTEXT>Tender Identifier</REPTEXT>
    <SCRTEXT_S>Tender ID</SCRTEXT_S>
    <SCRTEXT_M>Tender ID</SCRTEXT_M>
    <SCRTEXT_L>Tender Identifier</SCRTEXT_L>
    <DTELMASTER>D</DTELMASTER>
    <DEFFDNAME>TENDERID</DEFFDNAME>
    <REFKIND>D</REFKIND>
   </DD04V>
  </asx:values>
 </asx:abap>
</abapGit>
