﻿<?xml version="1.0" encoding="utf-8"?>
<abapGit version="v1.0.0" serializer="LCL_OBJECT_TABL" serializer_version="v1.0.0">
 <asx:abap xmlns:asx="http://www.sap.com/abapxml" version="1.0">
  <asx:values>
   <DD02V>
    <TABNAME>ZPOS_SEARCH_TRANS_FLAT_STY</TABNAME>
    <DDLANGUAGE>E</DDLANGUAGE>
    <TABCLASS>INTTAB</TABCLASS>
    <DDTEXT>POS DTA - Receipt Search Transaction Flat Structure</DDTEXT>
    <EXCLASS>4</EXCLASS>
   </DD02V>
   <DD03P_TABLE>
    <DD03P>
     <FIELDNAME>RETAILSTOREID</FIELDNAME>
     <ROLLNAME>ZPOS_RETAILSTOREID</ROLLNAME>
     <ADMINFIELD>0</ADMINFIELD>
     <COMPTYPE>E</COMPTYPE>
    </DD03P>
    <DD03P>
     <FIELDNAME>BUSINESSDAYDATE</FIELDNAME>
     <ROLLNAME>ZPOS_BUSINESSDAYDATE</ROLLNAME>
     <ADMINFIELD>0</ADMINFIELD>
     <SHLPORIGIN>T</SHLPORIGIN>
     <COMPTYPE>E</COMPTYPE>
    </DD03P>
    <DD03P>
     <FIELDNAME>TRANSTIME</FIELDNAME>
     <ROLLNAME>TIMS</ROLLNAME>
     <ADMINFIELD>0</ADMINFIELD>
     <SHLPORIGIN>T</SHLPORIGIN>
     <COMPTYPE>E</COMPTYPE>
    </DD03P>
    <DD03P>
     <FIELDNAME>TRANSINDEX</FIELDNAME>
     <ROLLNAME>ZPOS_TRANSINDEX</ROLLNAME>
     <ADMINFIELD>0</ADMINFIELD>
     <COMPTYPE>E</COMPTYPE>
    </DD03P>
    <DD03P>
     <FIELDNAME>TRANSNUMBER</FIELDNAME>
     <ROLLNAME>ZPOS_TRANSACTIONSEQUENCENUMB</ROLLNAME>
     <ADMINFIELD>0</ADMINFIELD>
     <COMPTYPE>E</COMPTYPE>
    </DD03P>
    <DD03P>
     <FIELDNAME>WORKSTATIONID</FIELDNAME>
     <ROLLNAME>ZPOS_WORKSTATIONID</ROLLNAME>
     <ADMINFIELD>0</ADMINFIELD>
     <COMPTYPE>E</COMPTYPE>
    </DD03P>
    <DD03P>
     <FIELDNAME>OPERATORID</FIELDNAME>
     <ROLLNAME>ZPOS_OPERATORID</ROLLNAME>
     <ADMINFIELD>0</ADMINFIELD>
     <COMPTYPE>E</COMPTYPE>
    </DD03P>
    <DD03P>
     <FIELDNAME>DEPARTMENT</FIELDNAME>
     <ROLLNAME>ZPOS_DEPARTMENT</ROLLNAME>
     <ADMINFIELD>0</ADMINFIELD>
     <COMPTYPE>E</COMPTYPE>
    </DD03P>
    <DD03P>
     <FIELDNAME>TURNOVER</FIELDNAME>
     <ROLLNAME>ZPOS_TRANSTURNOVER</ROLLNAME>
     <ADMINFIELD>0</ADMINFIELD>
     <REFTABLE>ZPOS_SEARCH_TRANS_FLAT_STY</REFTABLE>
     <REFFIELD>TRANSCURRENCY</REFFIELD>
     <COMPTYPE>E</COMPTYPE>
    </DD03P>
    <DD03P>
     <FIELDNAME>TRANSCURRENCY</FIELDNAME>
     <ROLLNAME>ZPOS_TRANSACTIONCURRENCY</ROLLNAME>
     <ADMINFIELD>0</ADMINFIELD>
     <COMPTYPE>E</COMPTYPE>
    </DD03P>
    <DD03P>
     <FIELDNAME>BEGINTIMESTAMP</FIELDNAME>
     <ROLLNAME>ZPOS_BEGINDATETIMESTAMP</ROLLNAME>
     <ADMINFIELD>0</ADMINFIELD>
     <COMPTYPE>E</COMPTYPE>
    </DD03P>
    <DD03P>
     <FIELDNAME>ENDTIMESTAMP</FIELDNAME>
     <ROLLNAME>ZPOS_ENDDATETIMESTAMP</ROLLNAME>
     <ADMINFIELD>0</ADMINFIELD>
     <COMPTYPE>E</COMPTYPE>
    </DD03P>
    <DD03P>
     <FIELDNAME>RECEIPT_LINECOUNT</FIELDNAME>
     <ROLLNAME>ZPOS_ITEMCOUNT</ROLLNAME>
     <ADMINFIELD>0</ADMINFIELD>
     <COMPTYPE>E</COMPTYPE>
    </DD03P>
    <DD03P>
     <FIELDNAME>RECEIPT_STATUS</FIELDNAME>
     <ROLLNAME>ZPOS_RETAIL_TRANS_STATUS</ROLLNAME>
     <ADMINFIELD>0</ADMINFIELD>
     <VALEXI>X</VALEXI>
     <SHLPORIGIN>F</SHLPORIGIN>
     <COMPTYPE>E</COMPTYPE>
    </DD03P>
   </DD03P_TABLE>
  </asx:values>
 </asx:abap>
</abapGit>
