﻿<?xml version="1.0" encoding="utf-8"?>
<abapGit version="v1.0.0" serializer="LCL_OBJECT_DTEL" serializer_version="v1.0.0">
 <asx:abap xmlns:asx="http://www.sap.com/abapxml" version="1.0">
  <asx:values>
   <DD04V>
    <ROLLNAME>ZPOS_TENDER_SUBCATEGORY</ROLLNAME>
    <DDLANGUAGE>E</DDLANGUAGE>
    <DOMNAME>ZPOS_ITEM_SUBCATEGORY</DOMNAME>
    <HEADLEN>04</HEADLEN>
    <SCRLEN1>10</SCRLEN1>
    <SCRLEN2>18</SCRLEN2>
    <SCRLEN3>28</SCRLEN3>
    <DDTEXT>Classification of Tender: Subcategory</DDTEXT>
    <REPTEXT>SCat</REPTEXT>
    <SCRTEXT_S>Pymt Scat</SCRTEXT_S>
    <SCRTEXT_M>Means of Pymt Scat</SCRTEXT_M>
    <SCRTEXT_L>Means of Payment Subcategory</SCRTEXT_L>
    <DTELMASTER>E</DTELMASTER>
    <REFKIND>D</REFKIND>
   </DD04V>
  </asx:values>
 </asx:abap>
</abapGit>
