﻿<?xml version="1.0" encoding="utf-8"?>
<abapGit version="v1.0.0" serializer="LCL_OBJECT_TABL" serializer_version="v1.0.0">
 <asx:abap xmlns:asx="http://www.sap.com/abapxml" version="1.0">
  <asx:values>
   <DD02V>
    <TABNAME>ZPOS_ARTICLE_01</TABNAME>
    <DDLANGUAGE>E</DDLANGUAGE>
    <TABCLASS>INTTAB</TABCLASS>
    <DDTEXT>POS _ Article Details</DDTEXT>
    <MASTERLANG>E</MASTERLANG>
    <EXCLASS>1</EXCLASS>
   </DD02V>
   <DD03P_TABLE>
    <DD03P>
     <FIELDNAME>VKORG</FIELDNAME>
     <ADMINFIELD>0</ADMINFIELD>
     <INTTYPE>C</INTTYPE>
     <INTLEN>000008</INTLEN>
     <DATATYPE>CHAR</DATATYPE>
     <LENG>000004</LENG>
     <MASK>  CHAR</MASK>
    </DD03P>
    <DD03P>
     <FIELDNAME>VTWEG</FIELDNAME>
     <ADMINFIELD>0</ADMINFIELD>
     <INTTYPE>C</INTTYPE>
     <INTLEN>000004</INTLEN>
     <DATATYPE>CHAR</DATATYPE>
     <LENG>000002</LENG>
     <MASK>  CHAR</MASK>
    </DD03P>
    <DD03P>
     <FIELDNAME>WERKS</FIELDNAME>
     <ADMINFIELD>0</ADMINFIELD>
     <INTTYPE>C</INTTYPE>
     <INTLEN>000008</INTLEN>
     <DATATYPE>CHAR</DATATYPE>
     <LENG>000004</LENG>
     <MASK>  CHAR</MASK>
    </DD03P>
    <DD03P>
     <FIELDNAME>MATNR</FIELDNAME>
     <ADMINFIELD>0</ADMINFIELD>
     <INTTYPE>C</INTTYPE>
     <INTLEN>000080</INTLEN>
     <DATATYPE>CHAR</DATATYPE>
     <LENG>000040</LENG>
     <MASK>  CHAR</MASK>
    </DD03P>
    <DD03P>
     <FIELDNAME>EAN11</FIELDNAME>
     <ADMINFIELD>0</ADMINFIELD>
     <INTTYPE>C</INTTYPE>
     <INTLEN>000036</INTLEN>
     <DATATYPE>CHAR</DATATYPE>
     <LENG>000018</LENG>
     <MASK>  CHAR</MASK>
    </DD03P>
    <DD03P>
     <FIELDNAME>VRKME</FIELDNAME>
     <ADMINFIELD>0</ADMINFIELD>
     <INTTYPE>C</INTTYPE>
     <INTLEN>000006</INTLEN>
     <DATATYPE>CHAR</DATATYPE>
     <LENG>000003</LENG>
     <MASK>  CHAR</MASK>
    </DD03P>
    <DD03P>
     <FIELDNAME>DATBI</FIELDNAME>
     <ADMINFIELD>0</ADMINFIELD>
     <INTTYPE>C</INTTYPE>
     <INTLEN>000016</INTLEN>
     <DATATYPE>CHAR</DATATYPE>
     <LENG>000008</LENG>
     <MASK>  CHAR</MASK>
    </DD03P>
    <DD03P>
     <FIELDNAME>DATAB</FIELDNAME>
     <ADMINFIELD>0</ADMINFIELD>
     <INTTYPE>C</INTTYPE>
     <INTLEN>000016</INTLEN>
     <DATATYPE>CHAR</DATATYPE>
     <LENG>000008</LENG>
     <MASK>  CHAR</MASK>
    </DD03P>
    <DD03P>
     <FIELDNAME>EFF_PRICE</FIELDNAME>
     <ADMINFIELD>0</ADMINFIELD>
     <INTTYPE>C</INTTYPE>
     <INTLEN>000026</INTLEN>
     <DATATYPE>CHAR</DATATYPE>
     <LENG>000013</LENG>
     <MASK>  CHAR</MASK>
    </DD03P>
    <DD03P>
     <FIELDNAME>EFF_NET_PRICE</FIELDNAME>
     <ADMINFIELD>0</ADMINFIELD>
     <INTTYPE>C</INTTYPE>
     <INTLEN>000026</INTLEN>
     <DATATYPE>CHAR</DATATYPE>
     <LENG>000013</LENG>
     <MASK>  CHAR</MASK>
    </DD03P>
    <DD03P>
     <FIELDNAME>EFF_COMP_PRICE</FIELDNAME>
     <ADMINFIELD>0</ADMINFIELD>
     <INTTYPE>C</INTTYPE>
     <INTLEN>000026</INTLEN>
     <DATATYPE>CHAR</DATATYPE>
     <LENG>000013</LENG>
     <MASK>  CHAR</MASK>
    </DD03P>
    <DD03P>
     <FIELDNAME>EFF_COMP_NET_PRICE</FIELDNAME>
     <ADMINFIELD>0</ADMINFIELD>
     <INTTYPE>C</INTTYPE>
     <INTLEN>000026</INTLEN>
     <DATATYPE>CHAR</DATATYPE>
     <LENG>000013</LENG>
     <MASK>  CHAR</MASK>
    </DD03P>
    <DD03P>
     <FIELDNAME>STD_PRICE</FIELDNAME>
     <ADMINFIELD>0</ADMINFIELD>
     <INTTYPE>C</INTTYPE>
     <INTLEN>000026</INTLEN>
     <DATATYPE>CHAR</DATATYPE>
     <LENG>000013</LENG>
     <MASK>  CHAR</MASK>
    </DD03P>
    <DD03P>
     <FIELDNAME>STD_NET_PRICE</FIELDNAME>
     <ADMINFIELD>0</ADMINFIELD>
     <INTTYPE>C</INTTYPE>
     <INTLEN>000026</INTLEN>
     <DATATYPE>CHAR</DATATYPE>
     <LENG>000013</LENG>
     <MASK>  CHAR</MASK>
    </DD03P>
    <DD03P>
     <FIELDNAME>STD_COMP_PRICE</FIELDNAME>
     <ADMINFIELD>0</ADMINFIELD>
     <INTTYPE>C</INTTYPE>
     <INTLEN>000026</INTLEN>
     <DATATYPE>CHAR</DATATYPE>
     <LENG>000013</LENG>
     <MASK>  CHAR</MASK>
    </DD03P>
    <DD03P>
     <FIELDNAME>STD_COMP_NET_PRICE</FIELDNAME>
     <ADMINFIELD>0</ADMINFIELD>
     <INTTYPE>C</INTTYPE>
     <INTLEN>000026</INTLEN>
     <DATATYPE>CHAR</DATATYPE>
     <LENG>000013</LENG>
     <MASK>  CHAR</MASK>
    </DD03P>
    <DD03P>
     <FIELDNAME>SCALE_PRICE</FIELDNAME>
     <ADMINFIELD>0</ADMINFIELD>
     <INTTYPE>C</INTTYPE>
     <INTLEN>000026</INTLEN>
     <DATATYPE>CHAR</DATATYPE>
     <LENG>000013</LENG>
     <MASK>  CHAR</MASK>
    </DD03P>
    <DD03P>
     <FIELDNAME>SCALE_QTY</FIELDNAME>
     <ADMINFIELD>0</ADMINFIELD>
     <INTTYPE>C</INTTYPE>
     <INTLEN>000034</INTLEN>
     <DATATYPE>CHAR</DATATYPE>
     <LENG>000017</LENG>
     <MASK>  CHAR</MASK>
    </DD03P>
    <DD03P>
     <FIELDNAME>CURRENCY</FIELDNAME>
     <ADMINFIELD>0</ADMINFIELD>
     <INTTYPE>C</INTTYPE>
     <INTLEN>000010</INTLEN>
     <DATATYPE>CHAR</DATATYPE>
     <LENG>000005</LENG>
     <MASK>  CHAR</MASK>
    </DD03P>
    <DD03P>
     <FIELDNAME>NET_CONTENTS</FIELDNAME>
     <ADMINFIELD>0</ADMINFIELD>
     <INTTYPE>C</INTTYPE>
     <INTLEN>000030</INTLEN>
     <DATATYPE>CHAR</DATATYPE>
     <LENG>000015</LENG>
     <MASK>  CHAR</MASK>
    </DD03P>
    <DD03P>
     <FIELDNAME>COMP_QTY</FIELDNAME>
     <ADMINFIELD>0</ADMINFIELD>
     <INTTYPE>C</INTTYPE>
     <INTLEN>000012</INTLEN>
     <DATATYPE>CHAR</DATATYPE>
     <LENG>000006</LENG>
     <MASK>  CHAR</MASK>
    </DD03P>
    <DD03P>
     <FIELDNAME>COMP_UOM</FIELDNAME>
     <ADMINFIELD>0</ADMINFIELD>
     <INTTYPE>C</INTTYPE>
     <INTLEN>000006</INTLEN>
     <DATATYPE>CHAR</DATATYPE>
     <LENG>000003</LENG>
     <MASK>  CHAR</MASK>
    </DD03P>
    <DD03P>
     <FIELDNAME>DESCRIPTION</FIELDNAME>
     <ADMINFIELD>0</ADMINFIELD>
     <INTTYPE>C</INTTYPE>
     <INTLEN>000080</INTLEN>
     <DATATYPE>CHAR</DATATYPE>
     <LENG>000040</LENG>
     <MASK>  CHAR</MASK>
    </DD03P>
    <DD03P>
     <FIELDNAME>DETAILED_DESC</FIELDNAME>
     <ADMINFIELD>0</ADMINFIELD>
     <INTTYPE>C</INTTYPE>
     <INTLEN>000080</INTLEN>
     <DATATYPE>CHAR</DATATYPE>
     <LENG>000040</LENG>
     <MASK>  CHAR</MASK>
    </DD03P>
    <DD03P>
     <FIELDNAME>POS_TEXT</FIELDNAME>
     <ADMINFIELD>0</ADMINFIELD>
     <INTTYPE>C</INTTYPE>
     <INTLEN>000080</INTLEN>
     <DATATYPE>CHAR</DATATYPE>
     <LENG>000040</LENG>
     <MASK>  CHAR</MASK>
    </DD03P>
    <DD03P>
     <FIELDNAME>MATERIAL_TYPE</FIELDNAME>
     <ADMINFIELD>0</ADMINFIELD>
     <INTTYPE>C</INTTYPE>
     <INTLEN>000008</INTLEN>
     <DATATYPE>CHAR</DATATYPE>
     <LENG>000004</LENG>
     <MASK>  CHAR</MASK>
    </DD03P>
    <DD03P>
     <FIELDNAME>MATERIAL_CATEGORY</FIELDNAME>
     <ADMINFIELD>0</ADMINFIELD>
     <INTTYPE>C</INTTYPE>
     <INTLEN>000004</INTLEN>
     <DATATYPE>CHAR</DATATYPE>
     <LENG>000002</LENG>
     <MASK>  CHAR</MASK>
    </DD03P>
    <DD03P>
     <FIELDNAME>MATERIAL_GROUP</FIELDNAME>
     <ADMINFIELD>0</ADMINFIELD>
     <INTTYPE>C</INTTYPE>
     <INTLEN>000018</INTLEN>
     <DATATYPE>CHAR</DATATYPE>
     <LENG>000009</LENG>
     <MASK>  CHAR</MASK>
    </DD03P>
    <DD03P>
     <FIELDNAME>MATERIAL_ITEM_CAT</FIELDNAME>
     <ADMINFIELD>0</ADMINFIELD>
     <INTTYPE>C</INTTYPE>
     <INTLEN>000008</INTLEN>
     <DATATYPE>CHAR</DATATYPE>
     <LENG>000004</LENG>
     <MASK>  CHAR</MASK>
    </DD03P>
    <DD03P>
     <FIELDNAME>VENDOR</FIELDNAME>
     <ADMINFIELD>0</ADMINFIELD>
     <INTTYPE>C</INTTYPE>
     <INTLEN>000020</INTLEN>
     <DATATYPE>CHAR</DATATYPE>
     <LENG>000010</LENG>
     <MASK>  CHAR</MASK>
    </DD03P>
    <DD03P>
     <FIELDNAME>GRADE</FIELDNAME>
     <ADMINFIELD>0</ADMINFIELD>
     <INTTYPE>C</INTTYPE>
     <INTLEN>000004</INTLEN>
     <DATATYPE>CHAR</DATATYPE>
     <LENG>000002</LENG>
     <MASK>  CHAR</MASK>
    </DD03P>
    <DD03P>
     <FIELDNAME>LAYOUT_MODULE</FIELDNAME>
     <ADMINFIELD>0</ADMINFIELD>
     <INTTYPE>C</INTTYPE>
     <INTLEN>000020</INTLEN>
     <DATATYPE>CHAR</DATATYPE>
     <LENG>000010</LENG>
     <MASK>  CHAR</MASK>
    </DD03P>
    <DD03P>
     <FIELDNAME>PROMOID</FIELDNAME>
     <ADMINFIELD>0</ADMINFIELD>
     <INTTYPE>C</INTTYPE>
     <INTLEN>000020</INTLEN>
     <DATATYPE>CHAR</DATATYPE>
     <LENG>000010</LENG>
     <MASK>  CHAR</MASK>
    </DD03P>
    <DD03P>
     <FIELDNAME>PURCH_STATUS</FIELDNAME>
     <ADMINFIELD>0</ADMINFIELD>
     <INTTYPE>C</INTTYPE>
     <INTLEN>000004</INTLEN>
     <DATATYPE>CHAR</DATATYPE>
     <LENG>000002</LENG>
     <MASK>  CHAR</MASK>
    </DD03P>
    <DD03P>
     <FIELDNAME>TAX_RATE</FIELDNAME>
     <ADMINFIELD>0</ADMINFIELD>
     <INTTYPE>C</INTTYPE>
     <INTLEN>000026</INTLEN>
     <DATATYPE>CHAR</DATATYPE>
     <LENG>000013</LENG>
     <MASK>  CHAR</MASK>
    </DD03P>
    <DD03P>
     <FIELDNAME>TAX_CLASSIFICATION</FIELDNAME>
     <ADMINFIELD>0</ADMINFIELD>
     <INTTYPE>C</INTTYPE>
     <INTLEN>000002</INTLEN>
     <DATATYPE>CHAR</DATATYPE>
     <LENG>000001</LENG>
     <MASK>  CHAR</MASK>
    </DD03P>
    <DD03P>
     <FIELDNAME>TAX_CODE</FIELDNAME>
     <ADMINFIELD>0</ADMINFIELD>
     <INTTYPE>C</INTTYPE>
     <INTLEN>000004</INTLEN>
     <DATATYPE>CHAR</DATATYPE>
     <LENG>000002</LENG>
     <MASK>  CHAR</MASK>
    </DD03P>
    <DD03P>
     <FIELDNAME>GROSS_WEIGHT</FIELDNAME>
     <ADMINFIELD>0</ADMINFIELD>
     <INTTYPE>C</INTTYPE>
     <INTLEN>000030</INTLEN>
     <DATATYPE>CHAR</DATATYPE>
     <LENG>000015</LENG>
     <MASK>  CHAR</MASK>
    </DD03P>
    <DD03P>
     <FIELDNAME>NET_WEIGHT</FIELDNAME>
     <ADMINFIELD>0</ADMINFIELD>
     <INTTYPE>C</INTTYPE>
     <INTLEN>000030</INTLEN>
     <DATATYPE>CHAR</DATATYPE>
     <LENG>000015</LENG>
     <MASK>  CHAR</MASK>
    </DD03P>
    <DD03P>
     <FIELDNAME>WEIGHT_UNIT</FIELDNAME>
     <ADMINFIELD>0</ADMINFIELD>
     <INTTYPE>C</INTTYPE>
     <INTLEN>000006</INTLEN>
     <DATATYPE>CHAR</DATATYPE>
     <LENG>000003</LENG>
     <MASK>  CHAR</MASK>
    </DD03P>
    <DD03P>
     <FIELDNAME>COMMODITY_CODE</FIELDNAME>
     <ADMINFIELD>0</ADMINFIELD>
     <INTTYPE>C</INTTYPE>
     <INTLEN>000034</INTLEN>
     <DATATYPE>CHAR</DATATYPE>
     <LENG>000017</LENG>
     <MASK>  CHAR</MASK>
    </DD03P>
    <DD03P>
     <FIELDNAME>COUNTRY_ORIGIN</FIELDNAME>
     <ADMINFIELD>0</ADMINFIELD>
     <INTTYPE>C</INTTYPE>
     <INTLEN>000006</INTLEN>
     <DATATYPE>CHAR</DATATYPE>
     <LENG>000003</LENG>
     <MASK>  CHAR</MASK>
    </DD03P>
    <DD03P>
     <FIELDNAME>WEBSITE_ID</FIELDNAME>
     <ADMINFIELD>0</ADMINFIELD>
     <INTTYPE>C</INTTYPE>
     <INTLEN>000004</INTLEN>
     <DATATYPE>CHAR</DATATYPE>
     <LENG>000002</LENG>
     <MASK>  CHAR</MASK>
    </DD03P>
    <DD03P>
     <FIELDNAME>ATTR_SET_ID</FIELDNAME>
     <ADMINFIELD>0</ADMINFIELD>
     <INTTYPE>C</INTTYPE>
     <INTLEN>000006</INTLEN>
     <DATATYPE>CHAR</DATATYPE>
     <LENG>000003</LENG>
     <MASK>  CHAR</MASK>
    </DD03P>
    <DD03P>
     <FIELDNAME>CATEGORY_ID</FIELDNAME>
     <ADMINFIELD>0</ADMINFIELD>
     <INTTYPE>C</INTTYPE>
     <INTLEN>000010</INTLEN>
     <DATATYPE>CHAR</DATATYPE>
     <LENG>000005</LENG>
     <MASK>  CHAR</MASK>
    </DD03P>
    <DD03P>
     <FIELDNAME>POS_ENTRY_CODE</FIELDNAME>
     <ADMINFIELD>0</ADMINFIELD>
     <INTTYPE>C</INTTYPE>
     <INTLEN>000002</INTLEN>
     <DATATYPE>CHAR</DATATYPE>
     <LENG>000001</LENG>
     <MASK>  CHAR</MASK>
    </DD03P>
    <DD03P>
     <FIELDNAME>POS_FAM_NUMBER</FIELDNAME>
     <ADMINFIELD>0</ADMINFIELD>
     <INTTYPE>C</INTTYPE>
     <INTLEN>000024</INTLEN>
     <DATATYPE>CHAR</DATATYPE>
     <LENG>000012</LENG>
     <MASK>  CHAR</MASK>
    </DD03P>
    <DD03P>
     <FIELDNAME>POS_STAFF_DISC</FIELDNAME>
     <ADMINFIELD>0</ADMINFIELD>
     <INTTYPE>C</INTTYPE>
     <INTLEN>000002</INTLEN>
     <DATATYPE>CHAR</DATATYPE>
     <LENG>000001</LENG>
     <MASK>  CHAR</MASK>
    </DD03P>
    <DD03P>
     <FIELDNAME>POS_ADD_TEXT</FIELDNAME>
     <ADMINFIELD>0</ADMINFIELD>
     <INTTYPE>C</INTTYPE>
     <INTLEN>000008</INTLEN>
     <DATATYPE>CHAR</DATATYPE>
     <LENG>000004</LENG>
     <MASK>  CHAR</MASK>
    </DD03P>
    <DD03P>
     <FIELDNAME>POS_REPEAT_KEY</FIELDNAME>
     <ADMINFIELD>0</ADMINFIELD>
     <INTTYPE>C</INTTYPE>
     <INTLEN>000002</INTLEN>
     <DATATYPE>CHAR</DATATYPE>
     <LENG>000001</LENG>
     <MASK>  CHAR</MASK>
    </DD03P>
    <DD03P>
     <FIELDNAME>POS_MULTIBUY</FIELDNAME>
     <ADMINFIELD>0</ADMINFIELD>
     <INTTYPE>C</INTTYPE>
     <INTLEN>000002</INTLEN>
     <DATATYPE>CHAR</DATATYPE>
     <LENG>000001</LENG>
     <MASK>  CHAR</MASK>
    </DD03P>
    <DD03P>
     <FIELDNAME>POS_ADD_ITEM</FIELDNAME>
     <ADMINFIELD>0</ADMINFIELD>
     <INTTYPE>C</INTTYPE>
     <INTLEN>000036</INTLEN>
     <DATATYPE>CHAR</DATATYPE>
     <LENG>000018</LENG>
     <MASK>  CHAR</MASK>
    </DD03P>
    <DD03P>
     <FIELDNAME>POS_DECIMALS</FIELDNAME>
     <ADMINFIELD>0</ADMINFIELD>
     <INTTYPE>C</INTTYPE>
     <INTLEN>000002</INTLEN>
     <DATATYPE>CHAR</DATATYPE>
     <LENG>000001</LENG>
     <MASK>  CHAR</MASK>
    </DD03P>
    <DD03P>
     <FIELDNAME>POS_FIXEDPRICE</FIELDNAME>
     <ADMINFIELD>0</ADMINFIELD>
     <INTTYPE>C</INTTYPE>
     <INTLEN>000002</INTLEN>
     <DATATYPE>CHAR</DATATYPE>
     <LENG>000001</LENG>
     <MASK>  CHAR</MASK>
    </DD03P>
    <DD03P>
     <FIELDNAME>FREIGHT_GROUP</FIELDNAME>
     <ADMINFIELD>0</ADMINFIELD>
     <INTTYPE>C</INTTYPE>
     <INTLEN>000016</INTLEN>
     <DATATYPE>CHAR</DATATYPE>
     <LENG>000008</LENG>
     <MASK>  CHAR</MASK>
    </DD03P>
    <DD03P>
     <FIELDNAME>OFFER_ID</FIELDNAME>
     <ADMINFIELD>0</ADMINFIELD>
     <INTTYPE>C</INTTYPE>
     <INTLEN>000072</INTLEN>
     <DATATYPE>CHAR</DATATYPE>
     <LENG>000036</LENG>
     <MASK>  CHAR</MASK>
    </DD03P>
    <DD03P>
     <FIELDNAME>SCALE_ID</FIELDNAME>
     <ADMINFIELD>0</ADMINFIELD>
     <INTTYPE>C</INTTYPE>
     <INTLEN>000016</INTLEN>
     <DATATYPE>CHAR</DATATYPE>
     <LENG>000008</LENG>
     <MASK>  CHAR</MASK>
    </DD03P>
   </DD03P_TABLE>
   <SEGMENT_DEFINITION>
    <item>
     <SEGMENTHEADER>
      <SEGTYP>ZPOS_ARTICLE_01</SEGTYP>
      <DESCRP>POS _ Article Details</DESCRP>
     </SEGMENTHEADER>
     <SEGMENTDEFINITION>
      <SEGTYP>ZPOS_ARTICLE_01</SEGTYP>
      <SEGDEF>ZPOS_ARTICLE_01000</SEGDEF>
      <FIELDNUM>0057</FIELDNUM>
      <EXPLENG>0594</EXPLENG>
     </SEGMENTDEFINITION>
     <SEGMENTSTRUCTURES>
      <EDISEGSTRU>
       <SEGTYP>ZPOS_ARTICLE_01</SEGTYP>
       <POS>0001</POS>
       <FIELDNAME>VKORG</FIELDNAME>
       <ROLLNAME>VKORG</ROLLNAME>
       <EXPLENG>0004</EXPLENG>
      </EDISEGSTRU>
      <EDISEGSTRU>
       <SEGTYP>ZPOS_ARTICLE_01</SEGTYP>
       <POS>0002</POS>
       <FIELDNAME>VTWEG</FIELDNAME>
       <ROLLNAME>VTWEG</ROLLNAME>
       <EXPLENG>0002</EXPLENG>
      </EDISEGSTRU>
      <EDISEGSTRU>
       <SEGTYP>ZPOS_ARTICLE_01</SEGTYP>
       <POS>0003</POS>
       <FIELDNAME>WERKS</FIELDNAME>
       <ROLLNAME>WERKS_D</ROLLNAME>
       <EXPLENG>0004</EXPLENG>
      </EDISEGSTRU>
      <EDISEGSTRU>
       <SEGTYP>ZPOS_ARTICLE_01</SEGTYP>
       <POS>0004</POS>
       <FIELDNAME>MATNR</FIELDNAME>
       <ROLLNAME>MATNR</ROLLNAME>
       <EXPLENG>0040</EXPLENG>
      </EDISEGSTRU>
      <EDISEGSTRU>
       <SEGTYP>ZPOS_ARTICLE_01</SEGTYP>
       <POS>0005</POS>
       <FIELDNAME>EAN11</FIELDNAME>
       <ROLLNAME>EAN11</ROLLNAME>
       <EXPLENG>0018</EXPLENG>
      </EDISEGSTRU>
      <EDISEGSTRU>
       <SEGTYP>ZPOS_ARTICLE_01</SEGTYP>
       <POS>0006</POS>
       <FIELDNAME>VRKME</FIELDNAME>
       <ROLLNAME>VRKME</ROLLNAME>
       <EXPLENG>0003</EXPLENG>
      </EDISEGSTRU>
      <EDISEGSTRU>
       <SEGTYP>ZPOS_ARTICLE_01</SEGTYP>
       <POS>0007</POS>
       <FIELDNAME>DATBI</FIELDNAME>
       <ROLLNAME>DATBI</ROLLNAME>
       <EXPLENG>0008</EXPLENG>
      </EDISEGSTRU>
      <EDISEGSTRU>
       <SEGTYP>ZPOS_ARTICLE_01</SEGTYP>
       <POS>0008</POS>
       <FIELDNAME>DATAB</FIELDNAME>
       <ROLLNAME>DATAB</ROLLNAME>
       <EXPLENG>0008</EXPLENG>
      </EDISEGSTRU>
      <EDISEGSTRU>
       <SEGTYP>ZPOS_ARTICLE_01</SEGTYP>
       <POS>0009</POS>
       <FIELDNAME>EFF_PRICE</FIELDNAME>
       <ROLLNAME>KBETR</ROLLNAME>
       <EXPLENG>0013</EXPLENG>
      </EDISEGSTRU>
      <EDISEGSTRU>
       <SEGTYP>ZPOS_ARTICLE_01</SEGTYP>
       <POS>0010</POS>
       <FIELDNAME>EFF_NET_PRICE</FIELDNAME>
       <ROLLNAME>KBETR</ROLLNAME>
       <EXPLENG>0013</EXPLENG>
      </EDISEGSTRU>
      <EDISEGSTRU>
       <SEGTYP>ZPOS_ARTICLE_01</SEGTYP>
       <POS>0011</POS>
       <FIELDNAME>EFF_COMP_PRICE</FIELDNAME>
       <ROLLNAME>KBETR</ROLLNAME>
       <EXPLENG>0013</EXPLENG>
      </EDISEGSTRU>
      <EDISEGSTRU>
       <SEGTYP>ZPOS_ARTICLE_01</SEGTYP>
       <POS>0012</POS>
       <FIELDNAME>EFF_COMP_NET_PRICE</FIELDNAME>
       <ROLLNAME>KBETR</ROLLNAME>
       <EXPLENG>0013</EXPLENG>
      </EDISEGSTRU>
      <EDISEGSTRU>
       <SEGTYP>ZPOS_ARTICLE_01</SEGTYP>
       <POS>0013</POS>
       <FIELDNAME>STD_PRICE</FIELDNAME>
       <ROLLNAME>KBETR</ROLLNAME>
       <EXPLENG>0013</EXPLENG>
      </EDISEGSTRU>
      <EDISEGSTRU>
       <SEGTYP>ZPOS_ARTICLE_01</SEGTYP>
       <POS>0014</POS>
       <FIELDNAME>STD_NET_PRICE</FIELDNAME>
       <ROLLNAME>KBETR</ROLLNAME>
       <EXPLENG>0013</EXPLENG>
      </EDISEGSTRU>
      <EDISEGSTRU>
       <SEGTYP>ZPOS_ARTICLE_01</SEGTYP>
       <POS>0015</POS>
       <FIELDNAME>STD_COMP_PRICE</FIELDNAME>
       <ROLLNAME>KBETR</ROLLNAME>
       <EXPLENG>0013</EXPLENG>
      </EDISEGSTRU>
      <EDISEGSTRU>
       <SEGTYP>ZPOS_ARTICLE_01</SEGTYP>
       <POS>0016</POS>
       <FIELDNAME>STD_COMP_NET_PRICE</FIELDNAME>
       <ROLLNAME>KBETR</ROLLNAME>
       <EXPLENG>0013</EXPLENG>
      </EDISEGSTRU>
      <EDISEGSTRU>
       <SEGTYP>ZPOS_ARTICLE_01</SEGTYP>
       <POS>0017</POS>
       <FIELDNAME>SCALE_PRICE</FIELDNAME>
       <ROLLNAME>KBETR</ROLLNAME>
       <EXPLENG>0013</EXPLENG>
      </EDISEGSTRU>
      <EDISEGSTRU>
       <SEGTYP>ZPOS_ARTICLE_01</SEGTYP>
       <POS>0018</POS>
       <FIELDNAME>SCALE_QTY</FIELDNAME>
       <ROLLNAME>KSTBM</ROLLNAME>
       <EXPLENG>0017</EXPLENG>
      </EDISEGSTRU>
      <EDISEGSTRU>
       <SEGTYP>ZPOS_ARTICLE_01</SEGTYP>
       <POS>0019</POS>
       <FIELDNAME>CURRENCY</FIELDNAME>
       <ROLLNAME>WAERS</ROLLNAME>
       <EXPLENG>0005</EXPLENG>
      </EDISEGSTRU>
      <EDISEGSTRU>
       <SEGTYP>ZPOS_ARTICLE_01</SEGTYP>
       <POS>0020</POS>
       <FIELDNAME>NET_CONTENTS</FIELDNAME>
       <ROLLNAME>INHAL</ROLLNAME>
       <EXPLENG>0015</EXPLENG>
      </EDISEGSTRU>
      <EDISEGSTRU>
       <SEGTYP>ZPOS_ARTICLE_01</SEGTYP>
       <POS>0021</POS>
       <FIELDNAME>COMP_QTY</FIELDNAME>
       <ROLLNAME>VPREH</ROLLNAME>
       <EXPLENG>0006</EXPLENG>
      </EDISEGSTRU>
      <EDISEGSTRU>
       <SEGTYP>ZPOS_ARTICLE_01</SEGTYP>
       <POS>0022</POS>
       <FIELDNAME>COMP_UOM</FIELDNAME>
       <ROLLNAME>INHME</ROLLNAME>
       <EXPLENG>0003</EXPLENG>
      </EDISEGSTRU>
      <EDISEGSTRU>
       <SEGTYP>ZPOS_ARTICLE_01</SEGTYP>
       <POS>0023</POS>
       <FIELDNAME>DESCRIPTION</FIELDNAME>
       <ROLLNAME>MAKTX</ROLLNAME>
       <EXPLENG>0040</EXPLENG>
      </EDISEGSTRU>
      <EDISEGSTRU>
       <SEGTYP>ZPOS_ARTICLE_01</SEGTYP>
       <POS>0024</POS>
       <FIELDNAME>DETAILED_DESC</FIELDNAME>
       <ROLLNAME>MAKTX</ROLLNAME>
       <EXPLENG>0040</EXPLENG>
      </EDISEGSTRU>
      <EDISEGSTRU>
       <SEGTYP>ZPOS_ARTICLE_01</SEGTYP>
       <POS>0025</POS>
       <FIELDNAME>POS_TEXT</FIELDNAME>
       <ROLLNAME>MAKTM</ROLLNAME>
       <EXPLENG>0040</EXPLENG>
      </EDISEGSTRU>
      <EDISEGSTRU>
       <SEGTYP>ZPOS_ARTICLE_01</SEGTYP>
       <POS>0026</POS>
       <FIELDNAME>MATERIAL_TYPE</FIELDNAME>
       <ROLLNAME>MTART</ROLLNAME>
       <EXPLENG>0004</EXPLENG>
      </EDISEGSTRU>
      <EDISEGSTRU>
       <SEGTYP>ZPOS_ARTICLE_01</SEGTYP>
       <POS>0027</POS>
       <FIELDNAME>MATERIAL_CATEGORY</FIELDNAME>
       <ROLLNAME>ATTYP</ROLLNAME>
       <EXPLENG>0002</EXPLENG>
      </EDISEGSTRU>
      <EDISEGSTRU>
       <SEGTYP>ZPOS_ARTICLE_01</SEGTYP>
       <POS>0028</POS>
       <FIELDNAME>MATERIAL_GROUP</FIELDNAME>
       <ROLLNAME>MATKL</ROLLNAME>
       <EXPLENG>0009</EXPLENG>
      </EDISEGSTRU>
      <EDISEGSTRU>
       <SEGTYP>ZPOS_ARTICLE_01</SEGTYP>
       <POS>0029</POS>
       <FIELDNAME>MATERIAL_ITEM_CAT</FIELDNAME>
       <ROLLNAME>MTPOS</ROLLNAME>
       <EXPLENG>0004</EXPLENG>
      </EDISEGSTRU>
      <EDISEGSTRU>
       <SEGTYP>ZPOS_ARTICLE_01</SEGTYP>
       <POS>0030</POS>
       <FIELDNAME>VENDOR</FIELDNAME>
       <ROLLNAME>LIFNR</ROLLNAME>
       <EXPLENG>0010</EXPLENG>
      </EDISEGSTRU>
      <EDISEGSTRU>
       <SEGTYP>ZPOS_ARTICLE_01</SEGTYP>
       <POS>0031</POS>
       <FIELDNAME>GRADE</FIELDNAME>
       <ROLLNAME>SSTUF</ROLLNAME>
       <EXPLENG>0002</EXPLENG>
      </EDISEGSTRU>
      <EDISEGSTRU>
       <SEGTYP>ZPOS_ARTICLE_01</SEGTYP>
       <POS>0032</POS>
       <FIELDNAME>LAYOUT_MODULE</FIELDNAME>
       <ROLLNAME>LAYGR</ROLLNAME>
       <EXPLENG>0010</EXPLENG>
      </EDISEGSTRU>
      <EDISEGSTRU>
       <SEGTYP>ZPOS_ARTICLE_01</SEGTYP>
       <POS>0033</POS>
       <FIELDNAME>PROMOID</FIELDNAME>
       <ROLLNAME>WAKTION</ROLLNAME>
       <EXPLENG>0010</EXPLENG>
      </EDISEGSTRU>
      <EDISEGSTRU>
       <SEGTYP>ZPOS_ARTICLE_01</SEGTYP>
       <POS>0034</POS>
       <FIELDNAME>PURCH_STATUS</FIELDNAME>
       <ROLLNAME>MMSTA</ROLLNAME>
       <EXPLENG>0002</EXPLENG>
      </EDISEGSTRU>
      <EDISEGSTRU>
       <SEGTYP>ZPOS_ARTICLE_01</SEGTYP>
       <POS>0035</POS>
       <FIELDNAME>TAX_RATE</FIELDNAME>
       <ROLLNAME>KBETR</ROLLNAME>
       <EXPLENG>0013</EXPLENG>
      </EDISEGSTRU>
      <EDISEGSTRU>
       <SEGTYP>ZPOS_ARTICLE_01</SEGTYP>
       <POS>0036</POS>
       <FIELDNAME>TAX_CLASSIFICATION</FIELDNAME>
       <ROLLNAME>TAXKM</ROLLNAME>
       <EXPLENG>0001</EXPLENG>
      </EDISEGSTRU>
      <EDISEGSTRU>
       <SEGTYP>ZPOS_ARTICLE_01</SEGTYP>
       <POS>0037</POS>
       <FIELDNAME>TAX_CODE</FIELDNAME>
       <ROLLNAME>MWSKZ</ROLLNAME>
       <EXPLENG>0002</EXPLENG>
      </EDISEGSTRU>
      <EDISEGSTRU>
       <SEGTYP>ZPOS_ARTICLE_01</SEGTYP>
       <POS>0038</POS>
       <FIELDNAME>GROSS_WEIGHT</FIELDNAME>
       <ROLLNAME>BRGEW</ROLLNAME>
       <EXPLENG>0015</EXPLENG>
      </EDISEGSTRU>
      <EDISEGSTRU>
       <SEGTYP>ZPOS_ARTICLE_01</SEGTYP>
       <POS>0039</POS>
       <FIELDNAME>NET_WEIGHT</FIELDNAME>
       <ROLLNAME>NTGEW</ROLLNAME>
       <EXPLENG>0015</EXPLENG>
      </EDISEGSTRU>
      <EDISEGSTRU>
       <SEGTYP>ZPOS_ARTICLE_01</SEGTYP>
       <POS>0040</POS>
       <FIELDNAME>WEIGHT_UNIT</FIELDNAME>
       <ROLLNAME>GEWEI</ROLLNAME>
       <EXPLENG>0003</EXPLENG>
      </EDISEGSTRU>
      <EDISEGSTRU>
       <SEGTYP>ZPOS_ARTICLE_01</SEGTYP>
       <POS>0041</POS>
       <FIELDNAME>COMMODITY_CODE</FIELDNAME>
       <ROLLNAME>STAWN</ROLLNAME>
       <EXPLENG>0017</EXPLENG>
      </EDISEGSTRU>
      <EDISEGSTRU>
       <SEGTYP>ZPOS_ARTICLE_01</SEGTYP>
       <POS>0042</POS>
       <FIELDNAME>COUNTRY_ORIGIN</FIELDNAME>
       <ROLLNAME>HERKL</ROLLNAME>
       <EXPLENG>0003</EXPLENG>
      </EDISEGSTRU>
      <EDISEGSTRU>
       <SEGTYP>ZPOS_ARTICLE_01</SEGTYP>
       <POS>0043</POS>
       <FIELDNAME>WEBSITE_ID</FIELDNAME>
       <ROLLNAME>ZPOS_WEBSITE_ID</ROLLNAME>
       <EXPLENG>0002</EXPLENG>
      </EDISEGSTRU>
      <EDISEGSTRU>
       <SEGTYP>ZPOS_ARTICLE_01</SEGTYP>
       <POS>0044</POS>
       <FIELDNAME>ATTR_SET_ID</FIELDNAME>
       <ROLLNAME>ZPOS_ATTR_SET_ID</ROLLNAME>
       <EXPLENG>0003</EXPLENG>
      </EDISEGSTRU>
      <EDISEGSTRU>
       <SEGTYP>ZPOS_ARTICLE_01</SEGTYP>
       <POS>0045</POS>
       <FIELDNAME>CATEGORY_ID</FIELDNAME>
       <ROLLNAME>ZPOS_CATEGORY_ID</ROLLNAME>
       <EXPLENG>0005</EXPLENG>
      </EDISEGSTRU>
      <EDISEGSTRU>
       <SEGTYP>ZPOS_ARTICLE_01</SEGTYP>
       <POS>0046</POS>
       <FIELDNAME>POS_ENTRY_CODE</FIELDNAME>
       <ROLLNAME>ZPOS_ENTRY_CODE</ROLLNAME>
       <EXPLENG>0001</EXPLENG>
      </EDISEGSTRU>
      <EDISEGSTRU>
       <SEGTYP>ZPOS_ARTICLE_01</SEGTYP>
       <POS>0047</POS>
       <FIELDNAME>POS_FAM_NUMBER</FIELDNAME>
       <ROLLNAME>BBYNR</ROLLNAME>
       <EXPLENG>0012</EXPLENG>
      </EDISEGSTRU>
      <EDISEGSTRU>
       <SEGTYP>ZPOS_ARTICLE_01</SEGTYP>
       <POS>0048</POS>
       <FIELDNAME>POS_STAFF_DISC</FIELDNAME>
       <ROLLNAME>ZPOS_STAFF_DISC</ROLLNAME>
       <EXPLENG>0001</EXPLENG>
      </EDISEGSTRU>
      <EDISEGSTRU>
       <SEGTYP>ZPOS_ARTICLE_01</SEGTYP>
       <POS>0049</POS>
       <FIELDNAME>POS_ADD_TEXT</FIELDNAME>
       <ROLLNAME>ZPOS_ADD_TEXT</ROLLNAME>
       <EXPLENG>0004</EXPLENG>
      </EDISEGSTRU>
      <EDISEGSTRU>
       <SEGTYP>ZPOS_ARTICLE_01</SEGTYP>
       <POS>0050</POS>
       <FIELDNAME>POS_REPEAT_KEY</FIELDNAME>
       <ROLLNAME>ZPOS_REPEAT_KEY</ROLLNAME>
       <EXPLENG>0001</EXPLENG>
      </EDISEGSTRU>
      <EDISEGSTRU>
       <SEGTYP>ZPOS_ARTICLE_01</SEGTYP>
       <POS>0051</POS>
       <FIELDNAME>POS_MULTIBUY</FIELDNAME>
       <ROLLNAME>ZPOS_MULTIBUY</ROLLNAME>
       <EXPLENG>0001</EXPLENG>
      </EDISEGSTRU>
      <EDISEGSTRU>
       <SEGTYP>ZPOS_ARTICLE_01</SEGTYP>
       <POS>0052</POS>
       <FIELDNAME>POS_ADD_ITEM</FIELDNAME>
       <ROLLNAME>ZPOS_ADD_ITEM</ROLLNAME>
       <EXPLENG>0018</EXPLENG>
      </EDISEGSTRU>
      <EDISEGSTRU>
       <SEGTYP>ZPOS_ARTICLE_01</SEGTYP>
       <POS>0053</POS>
       <FIELDNAME>POS_DECIMALS</FIELDNAME>
       <ROLLNAME>ZPOS_DECIMALS</ROLLNAME>
       <EXPLENG>0001</EXPLENG>
      </EDISEGSTRU>
      <EDISEGSTRU>
       <SEGTYP>ZPOS_ARTICLE_01</SEGTYP>
       <POS>0054</POS>
       <FIELDNAME>POS_FIXEDPRICE</FIELDNAME>
       <ROLLNAME>ZPOS_FIXEDPRICE</ROLLNAME>
       <EXPLENG>0001</EXPLENG>
      </EDISEGSTRU>
      <EDISEGSTRU>
       <SEGTYP>ZPOS_ARTICLE_01</SEGTYP>
       <POS>0055</POS>
       <FIELDNAME>FREIGHT_GROUP</FIELDNAME>
       <ROLLNAME>MFRGR</ROLLNAME>
       <EXPLENG>0008</EXPLENG>
      </EDISEGSTRU>
      <EDISEGSTRU>
       <SEGTYP>ZPOS_ARTICLE_01</SEGTYP>
       <POS>0056</POS>
       <FIELDNAME>OFFER_ID</FIELDNAME>
       <ROLLNAME>WPM_OFFERID</ROLLNAME>
       <EXPLENG>0036</EXPLENG>
      </EDISEGSTRU>
      <EDISEGSTRU>
       <SEGTYP>ZPOS_ARTICLE_01</SEGTYP>
       <POS>0057</POS>
       <FIELDNAME>SCALE_ID</FIELDNAME>
       <ROLLNAME>ZPOS_VK_OFFER_ID</ROLLNAME>
       <EXPLENG>0008</EXPLENG>
      </EDISEGSTRU>
     </SEGMENTSTRUCTURES>
    </item>
   </SEGMENT_DEFINITION>
  </asx:values>
 </asx:abap>
</abapGit>
