﻿<?xml version="1.0" encoding="utf-8"?>
<abapGit version="v1.0.0" serializer="LCL_OBJECT_ENHO" serializer_version="v1.0.0">
 <asx:abap xmlns:asx="http://www.sap.com/abapxml" version="1.0">
  <asx:values>
   <TOOL>CLASENH</TOOL>
   <SHORTTEXT>POS - WESOUT Bonus Buy Enhancement</SHORTTEXT>
   <CLASS>CL_WPM_RI_ERP_STR_O_RPL_BLK_V1</CLASS>
   <OWR_METHODS>
    <ENHAMETHKEYS>
     <METHKEY>
      <CLSNAME>CL_WPM_RI_ERP_STR_O_RPL_BLK_V1</CLSNAME>
      <CMPNAME>CALL_BADI</CMPNAME>
     </METHKEY>
    </ENHAMETHKEYS>
    <ENHAMETHKEYS>
     <METHKEY>
      <CLSNAME>CL_WES_SERVICE_OUTBOUND</CLSNAME>
      <CMPNAME>SEND_MESSAGE</CMPNAME>
     </METHKEY>
    </ENHAMETHKEYS>
   </OWR_METHODS>
   <TAB_ATTRIBUTES>
    <ENHCLASSATTRIB>
     <CLSNAME>CL_WPM_RI_ERP_STR_O_RPL_BLK_V1</CLSNAME>
     <CMPNAME>%_ZPOS_EI_BONUS_BUY</CMPNAME>
     <DESCRIPT>SAP-generated, not changeable!</DESCRIPT>
     <STATE>1</STATE>
     <EDITORDER>1</EDITORDER>
     <TYPTYPE>3</TYPTYPE>
     <TYPE>OBJECT</TYPE>
     <LOCKED>X</LOCKED>
    </ENHCLASSATTRIB>
   </TAB_ATTRIBUTES>
   <SOTR>
    <item>
     <HEADER>
      <CONCEPT>5A65721F06021EEBA0B749A5ED4E8486</CONCEPT>
      <CREA_LAN>E</CREA_LAN>
      <TRALA_TYPE>1</TRALA_TYPE>
      <OBJID_VEC>AAI=</OBJID_VEC>
     </HEADER>
     <ENTRIES>
      <SOTR_TEXT>
       <CONCEPT>5A65721F06021EEBA0B749A5ED4E8486</CONCEPT>
       <LANGU>E</LANGU>
       <LFD_NUM>0001</LFD_NUM>
       <FLAG_CNTXT>X</FLAG_CNTXT>
       <FLAG_CORR>X</FLAG_CORR>
       <STATUS>R</STATUS>
       <LENGTH>255</LENGTH>
       <TEXT>POS - WESOUT Bonus Buy Enhancement</TEXT>
      </SOTR_TEXT>
     </ENTRIES>
    </item>
    <item>
     <HEADER>
      <CONCEPT>5A65721F06021EEBA0B767A8D6F264A9</CONCEPT>
      <CREA_LAN>E</CREA_LAN>
      <TRALA_TYPE>1</TRALA_TYPE>
      <OBJID_VEC>AAI=</OBJID_VEC>
     </HEADER>
     <ENTRIES>
      <SOTR_TEXT>
       <CONCEPT>5A65721F06021EEBA0B767A8D6F264A9</CONCEPT>
       <LANGU>E</LANGU>
       <LFD_NUM>0001</LFD_NUM>
       <FLAG_CNTXT>X</FLAG_CNTXT>
       <FLAG_CORR>X</FLAG_CORR>
       <STATUS>R</STATUS>
       <LENGTH>255</LENGTH>
       <TEXT>SAP-generated, not changeable!</TEXT>
      </SOTR_TEXT>
     </ENTRIES>
    </item>
   </SOTR>
   <SOTR_USE>
    <SOTR_USE>
     <PGMID>R3TR</PGMID>
     <OBJECT>ENHO</OBJECT>
     <OBJ_NAME>ZPOS_EI_BONUS_BUY</OBJ_NAME>
     <CONCEPT>5A65721F06021EEBA0B749A5ED4E8486</CONCEPT>
     <LFD_NUM>0001</LFD_NUM>
    </SOTR_USE>
    <SOTR_USE>
     <PGMID>R3TR</PGMID>
     <OBJECT>ENHO</OBJECT>
     <OBJ_NAME>ZPOS_EI_BONUS_BUY</OBJ_NAME>
     <CONCEPT>5A65721F06021EEBA0B767A8D6F264A9</CONCEPT>
     <LFD_NUM>0001</LFD_NUM>
    </SOTR_USE>
   </SOTR_USE>
  </asx:values>
 </asx:abap>
</abapGit>
