﻿<?xml version="1.0" encoding="utf-8"?>
<abapGit version="v1.0.0" serializer="LCL_OBJECT_DTEL" serializer_version="v1.0.0">
 <asx:abap xmlns:asx="http://www.sap.com/abapxml" version="1.0">
  <asx:values>
   <DD04V>
    <ROLLNAME>ZPOS_TARGETVAL</ROLLNAME>
    <DDLANGUAGE>E</DDLANGUAGE>
    <HEADLEN>40</HEADLEN>
    <SCRLEN1>10</SCRLEN1>
    <SCRLEN2>20</SCRLEN2>
    <SCRLEN3>40</SCRLEN3>
    <DDTEXT>POS - Target Mapping Value</DDTEXT>
    <REPTEXT>TargetVal</REPTEXT>
    <SCRTEXT_S>TargetVal</SCRTEXT_S>
    <SCRTEXT_M>TargetVal</SCRTEXT_M>
    <SCRTEXT_L>TargetVal</SCRTEXT_L>
    <DTELMASTER>E</DTELMASTER>
    <DATATYPE>CHAR</DATATYPE>
    <LENG>000040</LENG>
    <OUTPUTLEN>000040</OUTPUTLEN>
   </DD04V>
  </asx:values>
 </asx:abap>
</abapGit>
