﻿<?xml version="1.0" encoding="utf-8"?>
<abapGit version="v1.0.0" serializer="LCL_OBJECT_DTEL" serializer_version="v1.0.0">
 <asx:abap xmlns:asx="http://www.sap.com/abapxml" version="1.0">
  <asx:values>
   <DD04V>
    <ROLLNAME>ZPOS_DISCOUNTTYPECODE</ROLLNAME>
    <DDLANGUAGE>E</DDLANGUAGE>
    <DOMNAME>ZPOS_DISCOUNTTYPECODE</DOMNAME>
    <HEADLEN>04</HEADLEN>
    <SCRLEN1>10</SCRLEN1>
    <SCRLEN2>20</SCRLEN2>
    <SCRLEN3>40</SCRLEN3>
    <DDTEXT>Discount Type</DDTEXT>
    <REPTEXT>Type</REPTEXT>
    <SCRTEXT_S>Disc.Type</SCRTEXT_S>
    <SCRTEXT_M>Discount Type</SCRTEXT_M>
    <SCRTEXT_L>Discount Type</SCRTEXT_L>
    <DTELMASTER>D</DTELMASTER>
    <DEFFDNAME>DISCOUNTTYPECODE</DEFFDNAME>
    <REFKIND>D</REFKIND>
   </DD04V>
  </asx:values>
 </asx:abap>
</abapGit>
