﻿<?xml version="1.0" encoding="utf-8"?>
<abapGit version="v1.0.0" serializer="LCL_OBJECT_TABL" serializer_version="v1.0.0">
 <asx:abap xmlns:asx="http://www.sap.com/abapxml" version="1.0">
  <asx:values>
   <DD02V>
    <TABNAME>ZPOS_SEARCH_RETAILLINEITEM_STY</TABNAME>
    <DDLANGUAGE>E</DDLANGUAGE>
    <TABCLASS>INTTAB</TABCLASS>
    <DDTEXT>POS DTA - Receipt Search - Retail Item Structure</DDTEXT>
    <EXCLASS>4</EXCLASS>
   </DD02V>
   <DD03P_TABLE>
    <DD03P>
     <FIELDNAME>RETAILNUMBER</FIELDNAME>
     <ROLLNAME>ZPOS_RETAILSEQUENCENUMBER</ROLLNAME>
     <ADMINFIELD>0</ADMINFIELD>
     <COMPTYPE>E</COMPTYPE>
    </DD03P>
    <DD03P>
     <FIELDNAME>RETAILTYPECODE</FIELDNAME>
     <ROLLNAME>ZPOS_RETAILTYPECODE</ROLLNAME>
     <ADMINFIELD>0</ADMINFIELD>
     <COMPTYPE>E</COMPTYPE>
    </DD03P>
    <DD03P>
     <FIELDNAME>ITEMIDQUALIFIER</FIELDNAME>
     <ROLLNAME>ZPOS_ITEMIDQUALIFIER</ROLLNAME>
     <ADMINFIELD>0</ADMINFIELD>
     <VALEXI>X</VALEXI>
     <SHLPORIGIN>F</SHLPORIGIN>
     <COMPTYPE>E</COMPTYPE>
    </DD03P>
    <DD03P>
     <FIELDNAME>ITEMID</FIELDNAME>
     <ROLLNAME>ZPOS_ITEMID</ROLLNAME>
     <ADMINFIELD>0</ADMINFIELD>
     <COMPTYPE>E</COMPTYPE>
    </DD03P>
    <DD03P>
     <FIELDNAME>RETAILQUANTITY</FIELDNAME>
     <ROLLNAME>ZPOS_RETAILQUANTITY</ROLLNAME>
     <ADMINFIELD>0</ADMINFIELD>
     <REFTABLE>ZPOS_SEARCH_RETAILLINEITEM_STY</REFTABLE>
     <REFFIELD>SALESUOM</REFFIELD>
     <COMPTYPE>E</COMPTYPE>
    </DD03P>
    <DD03P>
     <FIELDNAME>SALESUOM</FIELDNAME>
     <ROLLNAME>ZPOS_SALESUNITOFMEASURE</ROLLNAME>
     <ADMINFIELD>0</ADMINFIELD>
     <COMPTYPE>E</COMPTYPE>
    </DD03P>
    <DD03P>
     <FIELDNAME>SALESAMOUNT</FIELDNAME>
     <ROLLNAME>ZPOS_SALESAMOUNT</ROLLNAME>
     <ADMINFIELD>0</ADMINFIELD>
     <REFTABLE>ZPOS_SEARCH_TRANSACTION_STY</REFTABLE>
     <REFFIELD>TRANSCURRENCY</REFFIELD>
     <COMPTYPE>E</COMPTYPE>
    </DD03P>
    <DD03P>
     <FIELDNAME>NORMALSALESAMT</FIELDNAME>
     <ROLLNAME>ZPOS_NORMALSALESAMOUNT</ROLLNAME>
     <ADMINFIELD>0</ADMINFIELD>
     <REFTABLE>ZPOS_SEARCH_TRANSACTION_STY</REFTABLE>
     <REFFIELD>TRANSCURRENCY</REFFIELD>
     <COMPTYPE>E</COMPTYPE>
    </DD03P>
    <DD03P>
     <FIELDNAME>ACTUALUNITPRICE</FIELDNAME>
     <ROLLNAME>ZPOS_ACTUALUNITPRICE</ROLLNAME>
     <ADMINFIELD>0</ADMINFIELD>
     <REFTABLE>ZPOS_SEARCH_TRANSACTION_STY</REFTABLE>
     <REFFIELD>TRANSCURRENCY</REFFIELD>
     <COMPTYPE>E</COMPTYPE>
    </DD03P>
    <DD03P>
     <FIELDNAME>LINEITEM_VOID</FIELDNAME>
     <ROLLNAME>BOOLE_D</ROLLNAME>
     <ADMINFIELD>0</ADMINFIELD>
     <VALEXI>X</VALEXI>
     <SHLPORIGIN>F</SHLPORIGIN>
     <COMPTYPE>E</COMPTYPE>
    </DD03P>
    <DD03P>
     <FIELDNAME>RECEIPT_DISCOUNT</FIELDNAME>
     <ROLLNAME>ZPOS_SEARCH_DISCOUNT_TTY</ROLLNAME>
     <ADMINFIELD>0</ADMINFIELD>
     <DATATYPE>TTYP</DATATYPE>
     <MASK>  TTYPL</MASK>
     <COMPTYPE>L</COMPTYPE>
    </DD03P>
    <DD03P>
     <FIELDNAME>RETURNQUANTITY</FIELDNAME>
     <ROLLNAME>ZPOS_RETAILQUANTITY</ROLLNAME>
     <ADMINFIELD>0</ADMINFIELD>
     <REFTABLE>ZPOS_SEARCH_RETAILLINEITEM_STY</REFTABLE>
     <REFFIELD>SALESUOM</REFFIELD>
     <COMPTYPE>E</COMPTYPE>
    </DD03P>
    <DD03P>
     <FIELDNAME>RETURNAMOUNT</FIELDNAME>
     <ROLLNAME>ZPOS_SALESAMOUNT</ROLLNAME>
     <ADMINFIELD>0</ADMINFIELD>
     <REFTABLE>ZPOS_SEARCH_TRANSACTION_STY</REFTABLE>
     <REFFIELD>TRANSCURRENCY</REFFIELD>
     <COMPTYPE>E</COMPTYPE>
    </DD03P>
    <DD03P>
     <FIELDNAME>RETURNDOCNUM</FIELDNAME>
     <ROLLNAME>VBELN</ROLLNAME>
     <ADMINFIELD>0</ADMINFIELD>
     <COMPTYPE>E</COMPTYPE>
    </DD03P>
   </DD03P_TABLE>
  </asx:values>
 </asx:abap>
</abapGit>
