﻿<?xml version="1.0" encoding="utf-8"?>
<abapGit version="v1.0.0" serializer="LCL_OBJECT_DTEL" serializer_version="v1.0.0">
 <asx:abap xmlns:asx="http://www.sap.com/abapxml" version="1.0">
  <asx:values>
   <DD04V>
    <ROLLNAME>ZPOS_OPERATORID</ROLLNAME>
    <DDLANGUAGE>E</DDLANGUAGE>
    <DOMNAME>ZPOS_CHAR30ALPHA</DOMNAME>
    <HEADLEN>30</HEADLEN>
    <SCRLEN1>10</SCRLEN1>
    <SCRLEN2>20</SCRLEN2>
    <SCRLEN3>40</SCRLEN3>
    <DDTEXT>Cashier Number or Name</DDTEXT>
    <REPTEXT>Cashier</REPTEXT>
    <SCRTEXT_S>Cashier</SCRTEXT_S>
    <SCRTEXT_M>Cashier</SCRTEXT_M>
    <SCRTEXT_L>Cashier or Name</SCRTEXT_L>
    <DTELMASTER>D</DTELMASTER>
    <DEFFDNAME>OPERATORID</DEFFDNAME>
    <REFKIND>D</REFKIND>
   </DD04V>
  </asx:values>
 </asx:abap>
</abapGit>
