﻿<?xml version="1.0" encoding="utf-8"?>
<abapGit version="v1.0.0" serializer="LCL_OBJECT_DTEL" serializer_version="v1.0.0">
 <asx:abap xmlns:asx="http://www.sap.com/abapxml" version="1.0">
  <asx:values>
   <DD04V>
    <ROLLNAME>ZPOS_WORKSTATIONID</ROLLNAME>
    <DDLANGUAGE>E</DDLANGUAGE>
    <DOMNAME>ZPOS_WORKSTATIONID</DOMNAME>
    <HEADLEN>10</HEADLEN>
    <SCRLEN1>10</SCRLEN1>
    <SCRLEN2>20</SCRLEN2>
    <SCRLEN3>40</SCRLEN3>
    <DDTEXT>POS Number</DDTEXT>
    <REPTEXT>POS No.</REPTEXT>
    <SCRTEXT_S>POS No.</SCRTEXT_S>
    <SCRTEXT_M>POS Number</SCRTEXT_M>
    <SCRTEXT_L>POS Number</SCRTEXT_L>
    <DTELMASTER>D</DTELMASTER>
    <DEFFDNAME>WORKSTATIONID</DEFFDNAME>
    <REFKIND>D</REFKIND>
   </DD04V>
  </asx:values>
 </asx:abap>
</abapGit>
