﻿<?xml version="1.0" encoding="utf-8"?>
<abapGit version="v1.0.0" serializer="LCL_OBJECT_DTEL" serializer_version="v1.0.0">
 <asx:abap xmlns:asx="http://www.sap.com/abapxml" version="1.0">
  <asx:values>
   <DD04V>
    <ROLLNAME>ZPOS_BUSINESSDAYDATE</ROLLNAME>
    <DDLANGUAGE>E</DDLANGUAGE>
    <DOMNAME>ZPOS_DATE</DOMNAME>
    <HEADLEN>10</HEADLEN>
    <SCRLEN1>10</SCRLEN1>
    <SCRLEN2>20</SCRLEN2>
    <SCRLEN3>40</SCRLEN3>
    <DDTEXT>Posting Date</DDTEXT>
    <REPTEXT>Post. Date</REPTEXT>
    <SCRTEXT_S>Post. Date</SCRTEXT_S>
    <SCRTEXT_M>Posting Date</SCRTEXT_M>
    <SCRTEXT_L>Posting Date</SCRTEXT_L>
    <DTELMASTER>D</DTELMASTER>
    <DEFFDNAME>BUSINESSDAYDATE</DEFFDNAME>
    <REFKIND>D</REFKIND>
   </DD04V>
  </asx:values>
 </asx:abap>
</abapGit>
