﻿<?xml version="1.0" encoding="utf-8"?>
<abapGit version="v1.0.0" serializer="LCL_OBJECT_DTEL" serializer_version="v1.0.0">
 <asx:abap xmlns:asx="http://www.sap.com/abapxml" version="1.0">
  <asx:values>
   <DD04V>
    <ROLLNAME>ZPOS_TENDERSEQUENCENUMBER</ROLLNAME>
    <DDLANGUAGE>E</DDLANGUAGE>
    <DOMNAME>ZPOS_SEQUENCENUMBER</DOMNAME>
    <HEADLEN>10</HEADLEN>
    <SCRLEN1>10</SCRLEN1>
    <SCRLEN2>20</SCRLEN2>
    <SCRLEN3>40</SCRLEN3>
    <DDTEXT>Tender Item Number</DDTEXT>
    <REPTEXT>Tender No.</REPTEXT>
    <SCRTEXT_S>Tender No.</SCRTEXT_S>
    <SCRTEXT_M>Tender Item No.</SCRTEXT_M>
    <SCRTEXT_L>Tender Item Number</SCRTEXT_L>
    <DTELMASTER>D</DTELMASTER>
    <DEFFDNAME>TENDERSEQUENCENUMBER</DEFFDNAME>
    <REFKIND>D</REFKIND>
   </DD04V>
  </asx:values>
 </asx:abap>
</abapGit>
