﻿<?xml version="1.0" encoding="utf-8"?>
<abapGit version="v1.0.0" serializer="LCL_OBJECT_DTEL" serializer_version="v1.0.0">
 <asx:abap xmlns:asx="http://www.sap.com/abapxml" version="1.0">
  <asx:values>
   <DD04V>
    <ROLLNAME>ZPOS_TENDER_CATEGORY</ROLLNAME>
    <DDLANGUAGE>E</DDLANGUAGE>
    <DOMNAME>ZPOS_ITEM_CATEGORY</DOMNAME>
    <HEADLEN>05</HEADLEN>
    <SCRLEN1>10</SCRLEN1>
    <SCRLEN2>20</SCRLEN2>
    <SCRLEN3>30</SCRLEN3>
    <DDTEXT>Classification of Tender: Category</DDTEXT>
    <REPTEXT>Cat</REPTEXT>
    <SCRTEXT_S>Pymt Cat</SCRTEXT_S>
    <SCRTEXT_M>Means of Pymt Cat</SCRTEXT_M>
    <SCRTEXT_L>Means of Payment Category</SCRTEXT_L>
    <DTELMASTER>E</DTELMASTER>
    <REFKIND>D</REFKIND>
   </DD04V>
  </asx:values>
 </asx:abap>
</abapGit>
