﻿<?xml version="1.0" encoding="utf-8"?>
<abapGit version="v1.0.0" serializer="LCL_OBJECT_DTEL" serializer_version="v1.0.0">
 <asx:abap xmlns:asx="http://www.sap.com/abapxml" version="1.0">
  <asx:values>
   <DD04V>
    <ROLLNAME>ZPOS_ITEMID</ROLLNAME>
    <DDLANGUAGE>E</DDLANGUAGE>
    <DOMNAME>ZPOS_ITEMID</DOMNAME>
    <HEADLEN>18</HEADLEN>
    <SCRLEN1>10</SCRLEN1>
    <SCRLEN2>20</SCRLEN2>
    <SCRLEN3>40</SCRLEN3>
    <DDTEXT>Article Identifier</DDTEXT>
    <REPTEXT>Article Identifier</REPTEXT>
    <SCRTEXT_S>Art. Idnfr</SCRTEXT_S>
    <SCRTEXT_M>Article Identifier</SCRTEXT_M>
    <SCRTEXT_L>Article Identifier</SCRTEXT_L>
    <DTELMASTER>E</DTELMASTER>
    <DEFFDNAME>ITEMID</DEFFDNAME>
    <REFKIND>D</REFKIND>
   </DD04V>
  </asx:values>
 </asx:abap>
</abapGit>
