﻿<?xml version="1.0" encoding="utf-8"?>
<abapGit version="v1.0.0" serializer="LCL_OBJECT_DTEL" serializer_version="v1.0.0">
 <asx:abap xmlns:asx="http://www.sap.com/abapxml" version="1.0">
  <asx:values>
   <DD04V>
    <ROLLNAME>ZPOS_ATTR_SET_ID</ROLLNAME>
    <DDLANGUAGE>E</DDLANGUAGE>
    <HEADLEN>55</HEADLEN>
    <SCRLEN1>10</SCRLEN1>
    <SCRLEN2>20</SCRLEN2>
    <SCRLEN3>40</SCRLEN3>
    <DDTEXT>POS - Magento Attribute Set ID</DDTEXT>
    <REPTEXT>Attribute Set ID</REPTEXT>
    <SCRTEXT_S>AttrID</SCRTEXT_S>
    <SCRTEXT_M>Attribute Set ID</SCRTEXT_M>
    <SCRTEXT_L>Attribute Set ID</SCRTEXT_L>
    <DTELMASTER>E</DTELMASTER>
    <DATATYPE>NUMC</DATATYPE>
    <LENG>000003</LENG>
    <OUTPUTLEN>000003</OUTPUTLEN>
   </DD04V>
  </asx:values>
 </asx:abap>
</abapGit>
