﻿<?xml version="1.0" encoding="utf-8"?>
<abapGit version="v1.0.0" serializer="LCL_OBJECT_DTEL" serializer_version="v1.0.0">
 <asx:abap xmlns:asx="http://www.sap.com/abapxml" version="1.0">
  <asx:values>
   <DD04V>
    <ROLLNAME>ZPOS_DISCOUNTSEQUENCENUMBER</ROLLNAME>
    <DDLANGUAGE>E</DDLANGUAGE>
    <DOMNAME>ZPOS_SEQUENCENUMBER</DOMNAME>
    <HEADLEN>10</HEADLEN>
    <SCRLEN1>10</SCRLEN1>
    <SCRLEN2>20</SCRLEN2>
    <SCRLEN3>40</SCRLEN3>
    <DDTEXT>Discount Item Number</DDTEXT>
    <REPTEXT>DiscItmNo.</REPTEXT>
    <SCRTEXT_S>DiscItmNo.</SCRTEXT_S>
    <SCRTEXT_M>Discount Item Number</SCRTEXT_M>
    <SCRTEXT_L>Discount Item Number</SCRTEXT_L>
    <DTELMASTER>D</DTELMASTER>
    <DEFFDNAME>DISCOUNTSEQUENCENUMBER</DEFFDNAME>
    <REFKIND>D</REFKIND>
   </DD04V>
  </asx:values>
 </asx:abap>
</abapGit>
