﻿<?xml version="1.0" encoding="utf-8"?>
<abapGit version="v1.0.0" serializer="LCL_OBJECT_DTEL" serializer_version="v1.0.0">
 <asx:abap xmlns:asx="http://www.sap.com/abapxml" version="1.0">
  <asx:values>
   <DD04V>
    <ROLLNAME>ZPOS_BONUSBUYID</ROLLNAME>
    <DDLANGUAGE>E</DDLANGUAGE>
    <DOMNAME>ZPOS_BONUSBUYID</DOMNAME>
    <HEADLEN>20</HEADLEN>
    <SCRLEN1>10</SCRLEN1>
    <SCRLEN2>20</SCRLEN2>
    <SCRLEN3>30</SCRLEN3>
    <DDTEXT>Bonus Buy Indicator</DDTEXT>
    <REPTEXT>Bonus Buy ID</REPTEXT>
    <SCRTEXT_S>Bonus Buy</SCRTEXT_S>
    <SCRTEXT_M>Bonus Buy ID</SCRTEXT_M>
    <SCRTEXT_L>Bonus Buy Indicator</SCRTEXT_L>
    <DTELMASTER>D</DTELMASTER>
    <DEFFDNAME>BONUSBUYID</DEFFDNAME>
    <REFKIND>D</REFKIND>
   </DD04V>
  </asx:values>
 </asx:abap>
</abapGit>
