﻿<?xml version="1.0" encoding="utf-8"?>
<abapGit version="v1.0.0" serializer="LCL_OBJECT_DTEL" serializer_version="v1.0.0">
 <asx:abap xmlns:asx="http://www.sap.com/abapxml" version="1.0">
  <asx:values>
   <DD04V>
    <ROLLNAME>ZPOS_DISCOUNTID</ROLLNAME>
    <DDLANGUAGE>E</DDLANGUAGE>
    <DOMNAME>ZPOS_DISCOUNTID</DOMNAME>
    <HEADLEN>32</HEADLEN>
    <SCRLEN1>10</SCRLEN1>
    <SCRLEN2>20</SCRLEN2>
    <SCRLEN3>40</SCRLEN3>
    <DDTEXT>Discount Identification</DDTEXT>
    <REPTEXT>Discount Identification</REPTEXT>
    <SCRTEXT_S>Discnt ID</SCRTEXT_S>
    <SCRTEXT_M>Discount ID</SCRTEXT_M>
    <SCRTEXT_L>Discount ID</SCRTEXT_L>
    <DTELMASTER>E</DTELMASTER>
    <DEFFDNAME>DISCOUNTID</DEFFDNAME>
    <REFKIND>D</REFKIND>
   </DD04V>
  </asx:values>
 </asx:abap>
</abapGit>
