﻿<?xml version="1.0" encoding="utf-8"?>
<abapGit version="v1.0.0" serializer="LCL_OBJECT_DTEL" serializer_version="v1.0.0">
 <asx:abap xmlns:asx="http://www.sap.com/abapxml" version="1.0">
  <asx:values>
   <DD04V>
    <ROLLNAME>ZPOS_ENDDATETIMESTAMP</ROLLNAME>
    <DDLANGUAGE>E</DDLANGUAGE>
    <DOMNAME>ZPOS_TIMESTAMP</DOMNAME>
    <HEADLEN>14</HEADLEN>
    <SCRLEN1>10</SCRLEN1>
    <SCRLEN2>20</SCRLEN2>
    <SCRLEN3>30</SCRLEN3>
    <DDTEXT>Second in Which Transaction Ends</DDTEXT>
    <REPTEXT>Trans. End</REPTEXT>
    <SCRTEXT_S>Trans. End</SCRTEXT_S>
    <SCRTEXT_M>End of Transaction</SCRTEXT_M>
    <SCRTEXT_L>End of Transaction</SCRTEXT_L>
    <DTELMASTER>D</DTELMASTER>
    <DEFFDNAME>ENDDATETIMESTAMP</DEFFDNAME>
    <REFKIND>D</REFKIND>
   </DD04V>
  </asx:values>
 </asx:abap>
</abapGit>
