﻿<?xml version="1.0" encoding="utf-8"?>
<abapGit version="v1.0.0" serializer="LCL_OBJECT_DOMA" serializer_version="v1.0.0">
 <asx:abap xmlns:asx="http://www.sap.com/abapxml" version="1.0">
  <asx:values>
   <DD01V>
    <DOMNAME>ZPOS_RECIPIENT</DOMNAME>
    <DDLANGUAGE>E</DDLANGUAGE>
    <DATATYPE>CHAR</DATATYPE>
    <LENG>000002</LENG>
    <OUTPUTLEN>000002</OUTPUTLEN>
    <VALEXI>X</VALEXI>
    <DDTEXT>POS - Data Recipient</DDTEXT>
   </DD01V>
   <DD07V_TAB>
    <DD07V>
     <DOMNAME>ZPOS_RECIPIENT</DOMNAME>
     <VALPOS>0001</VALPOS>
     <DDLANGUAGE>E</DDLANGUAGE>
     <DOMVALUE_L>ES</DOMVALUE_L>
     <DDTEXT>Electronic Shelf Label</DDTEXT>
    </DD07V>
    <DD07V>
     <DOMNAME>ZPOS_RECIPIENT</DOMNAME>
     <VALPOS>0002</VALPOS>
     <DDLANGUAGE>E</DDLANGUAGE>
     <DOMVALUE_L>LP</DOMVALUE_L>
     <DDTEXT>Label Printing</DDTEXT>
    </DD07V>
    <DD07V>
     <DOMNAME>ZPOS_RECIPIENT</DOMNAME>
     <VALPOS>0003</VALPOS>
     <DDLANGUAGE>E</DDLANGUAGE>
     <DOMVALUE_L>MG</DOMVALUE_L>
     <DDTEXT>Magento IDoc</DDTEXT>
    </DD07V>
    <DD07V>
     <DOMNAME>ZPOS_RECIPIENT</DOMNAME>
     <VALPOS>0004</VALPOS>
     <DDLANGUAGE>E</DDLANGUAGE>
     <DOMVALUE_L>VK</DOMVALUE_L>
     <DDTEXT>ViKING POS</DDTEXT>
    </DD07V>
    <DD07V>
     <DOMNAME>ZPOS_RECIPIENT</DOMNAME>
     <VALPOS>0005</VALPOS>
     <DDLANGUAGE>E</DDLANGUAGE>
     <DOMVALUE_L>BZ</DOMVALUE_L>
     <DDTEXT>Bizerba (Scales)</DDTEXT>
    </DD07V>
    <DD07V>
     <DOMNAME>ZPOS_RECIPIENT</DOMNAME>
     <VALPOS>0006</VALPOS>
     <DDLANGUAGE>E</DDLANGUAGE>
     <DOMVALUE_L>MB</DOMVALUE_L>
     <DDTEXT>MyBau</DDTEXT>
    </DD07V>
    <DD07V>
     <DOMNAME>ZPOS_RECIPIENT</DOMNAME>
     <VALPOS>0007</VALPOS>
     <DDLANGUAGE>E</DDLANGUAGE>
     <DOMVALUE_L>AP</DOMVALUE_L>
     <DDTEXT>Magento API</DDTEXT>
    </DD07V>
   </DD07V_TAB>
  </asx:values>
 </asx:abap>
</abapGit>
