﻿<?xml version="1.0" encoding="utf-8"?>
<abapGit version="v1.0.0" serializer="LCL_OBJECT_TABL" serializer_version="v1.0.0">
 <asx:abap xmlns:asx="http://www.sap.com/abapxml" version="1.0">
  <asx:values>
   <DD02V>
    <TABNAME>ZPOS_BONUS_BUY_DETAILS_STY</TABNAME>
    <DDLANGUAGE>E</DDLANGUAGE>
    <TABCLASS>INTTAB</TABCLASS>
    <LANGDEP>X</LANGDEP>
    <DDTEXT>POS Data - Bonus Buy Detailsl Data - Structure</DDTEXT>
   </DD02V>
   <DD03P_TABLE>
    <DD03P>
     <FIELDNAME>.INCLUDE</FIELDNAME>
     <ADMINFIELD>0</ADMINFIELD>
     <PRECFIELD>RDM_S_BBY_WA_HEADER</PRECFIELD>
     <MASK>      S</MASK>
     <DDTEXT>Bonus Buy: Work-Area Header</DDTEXT>
     <COMPTYPE>S</COMPTYPE>
     <GROUPNAME>HEADER</GROUPNAME>
    </DD03P>
    <DD03P>
     <FIELDNAME>BUY</FIELDNAME>
     <ROLLNAME>RDM_T_BBY_WA_BUY</ROLLNAME>
     <ADMINFIELD>0</ADMINFIELD>
     <DATATYPE>TTYP</DATATYPE>
     <MASK>  TTYPL</MASK>
     <COMPTYPE>L</COMPTYPE>
    </DD03P>
    <DD03P>
     <FIELDNAME>GET</FIELDNAME>
     <ROLLNAME>RDM_T_BBY_WA_BUY</ROLLNAME>
     <ADMINFIELD>0</ADMINFIELD>
     <DATATYPE>TTYP</DATATYPE>
     <MASK>  TTYPL</MASK>
     <COMPTYPE>L</COMPTYPE>
    </DD03P>
    <DD03P>
     <FIELDNAME>REWARD</FIELDNAME>
     <ROLLNAME>RDM_T_BBY_WA_REWARD</ROLLNAME>
     <ADMINFIELD>0</ADMINFIELD>
     <DATATYPE>TTYP</DATATYPE>
     <MASK>  TTYPL</MASK>
     <COMPTYPE>L</COMPTYPE>
    </DD03P>
    <DD03P>
     <FIELDNAME>SCALES</FIELDNAME>
     <ROLLNAME>RDM_T_BBY_WA_SCALES</ROLLNAME>
     <ADMINFIELD>0</ADMINFIELD>
     <DATATYPE>TTYP</DATATYPE>
     <MASK>  TTYPL</MASK>
     <COMPTYPE>L</COMPTYPE>
    </DD03P>
    <DD03P>
     <FIELDNAME>MATGRP</FIELDNAME>
     <ROLLNAME>RDM_T_BBY_WA_MATGRP</ROLLNAME>
     <ADMINFIELD>0</ADMINFIELD>
     <DATATYPE>TTYP</DATATYPE>
     <MASK>  TTYPL</MASK>
     <COMPTYPE>L</COMPTYPE>
    </DD03P>
    <DD03P>
     <FIELDNAME>ORGITEMS</FIELDNAME>
     <ROLLNAME>RDM_T_BBY_WA_ORGITEMS</ROLLNAME>
     <ADMINFIELD>0</ADMINFIELD>
     <DATATYPE>TTYP</DATATYPE>
     <MASK>  TTYPL</MASK>
     <COMPTYPE>L</COMPTYPE>
    </DD03P>
    <DD03P>
     <FIELDNAME>ORGSITES</FIELDNAME>
     <ROLLNAME>RDM_T_BBY_WA_ORGSITES</ROLLNAME>
     <ADMINFIELD>0</ADMINFIELD>
     <DATATYPE>TTYP</DATATYPE>
     <MASK>  TTYPL</MASK>
     <COMPTYPE>L</COMPTYPE>
    </DD03P>
    <DD03P>
     <FIELDNAME>TEXTS</FIELDNAME>
     <ROLLNAME>RDM_T_BBY_WA_TEXTS</ROLLNAME>
     <ADMINFIELD>0</ADMINFIELD>
     <DATATYPE>TTYP</DATATYPE>
     <MASK>  TTYPL</MASK>
     <COMPTYPE>L</COMPTYPE>
    </DD03P>
    <DD03P>
     <FIELDNAME>CONDITIONS</FIELDNAME>
     <ROLLNAME>RDM_T_BBY_CONDITIONS</ROLLNAME>
     <ADMINFIELD>0</ADMINFIELD>
     <DATATYPE>TTYP</DATATYPE>
     <MASK>  TTYPL</MASK>
     <COMPTYPE>L</COMPTYPE>
    </DD03P>
    <DD03P>
     <FIELDNAME>RELEVANT</FIELDNAME>
     <ROLLNAME>BOOLE_D</ROLLNAME>
     <ADMINFIELD>0</ADMINFIELD>
     <VALEXI>X</VALEXI>
     <SHLPORIGIN>F</SHLPORIGIN>
     <COMPTYPE>E</COMPTYPE>
    </DD03P>
   </DD03P_TABLE>
  </asx:values>
 </asx:abap>
</abapGit>
