﻿<?xml version="1.0" encoding="utf-8"?>
<abapGit version="v1.0.0" serializer="LCL_OBJECT_TRAN" serializer_version="v1.0.0">
 <asx:abap xmlns:asx="http://www.sap.com/abapxml" version="1.0">
  <asx:values>
   <TSTC>
    <TCODE>ZPOS_MAG_NR</TCODE>
    <PGMNA>SAPMSNUM</PGMNA>
    <DYPNO>0100</DYPNO>
    <CINFO>Ag==</CINFO>
   </TSTC>
   <TSTCC>
    <TCODE>ZPOS_MAG_NR</TCODE>
    <S_WEBGUI>1</S_WEBGUI>
   </TSTCC>
   <TSTCT>
    <SPRSL>E</SPRSL>
    <TCODE>ZPOS_MAG_NR</TCODE>
    <TTEXT>Number range editing: ZPOS_MAG</TTEXT>
   </TSTCT>
   <TSTCP>
    <TCODE>ZPOS_MAG_NR</TCODE>
    <PARAM>/NSNUM TNRO-OBJECT=ZPOS_MAG</PARAM>
   </TSTCP>
  </asx:values>
 </asx:abap>
</abapGit>
