﻿<?xml version="1.0" encoding="utf-8"?>
<abapGit version="v1.0.0" serializer="LCL_OBJECT_ENHO" serializer_version="v1.0.0">
 <asx:abap xmlns:asx="http://www.sap.com/abapxml" version="1.0">
  <asx:values>
   <TOOL>HOOK_IMPL</TOOL>
   <SHORTTEXT>POS - WESOUT Merchandise Implicit Enhancement</SHORTTEXT>
   <ORIGINAL_OBJECT>
    <PGMID>R3TR</PGMID>
    <ORG_OBJ_TYPE>CLAS</ORG_OBJ_TYPE>
    <ORG_OBJ_NAME>CL_WES_MERCHANDISE_REPL</ORG_OBJ_NAME>
    <ORG_MAIN_TYPE>CLAS</ORG_MAIN_TYPE>
    <ORG_MAIN_NAME>CL_WES_MERCHANDISE_REPL</ORG_MAIN_NAME>
    <PROGRAMNAME>CL_WES_MERCHANDISE_REPL=======CP</PROGRAMNAME>
   </ORIGINAL_OBJECT>
   <ENHANCEMENTS>
    <ENH_HOOK_IMPL>
     <PROGRAMNAME>CL_WES_MERCHANDISE_REPL=======CP</PROGRAMNAME>
     <ENHMODE>D</ENHMODE>
     <FULL_NAME>\TY:CL_WES_MERCHANDISE_REPL\ME:BUILD_PACKAGES\SE:BEGIN\EI</FULL_NAME>
     <SOURCE>
      <item>*&quot;----------------------------------------------------------------------</item>
      <item>* BAUHAUS - eCOMM Channel Enhancement</item>
      <item>*&quot;----------------------------------------------------------------------</item>
      <item>*  Read the reference Channel Data and use that instead of the default channel</item>
      <item>    mv_pricing_channel = iv_vtweg.</item>
      <item>    IF NOT iv_vtweg = co_store_channel.</item>
      <item>      SELECT SINGLE vtwko FROM tvkov INTO @mv_pricing_channel WHERE vkorg = @iv_vkorg AND vtweg = @iv_vtweg.</item>
      <item>    ENDIF.</item>
      <item>*&quot;----------------------------------------------------------------------</item>
      <item/>
     </SOURCE>
    </ENH_HOOK_IMPL>
    <ENH_HOOK_IMPL>
     <PROGRAMNAME>CL_WES_MERCHANDISE_REPL=======CP</PROGRAMNAME>
     <ENHMODE>D</ENHMODE>
     <FULL_NAME>\TY:CL_WES_MERCHANDISE_REPL\ME:CONSTRUCTOR\SE:END\EI</FULL_NAME>
     <SOURCE>
      <item>*</item>
      <item>    IF mr_article_price IS  INITIAL.</item>
      <item>      mr_article_price = NEW #( ).</item>
      <item>    ENDIF.</item>
     </SOURCE>
    </ENH_HOOK_IMPL>
   </ENHANCEMENTS>
   <SOTR>
    <item>
     <HEADER>
      <CONCEPT>5A65721F06021EEBA0B8308DA172E568</CONCEPT>
      <CREA_LAN>E</CREA_LAN>
      <TRALA_TYPE>1</TRALA_TYPE>
      <OBJID_VEC>AAI=</OBJID_VEC>
     </HEADER>
     <ENTRIES>
      <SOTR_TEXT>
       <CONCEPT>5A65721F06021EEBA0B8308DA172E568</CONCEPT>
       <LANGU>E</LANGU>
       <LFD_NUM>0001</LFD_NUM>
       <FLAG_CNTXT>X</FLAG_CNTXT>
       <FLAG_CORR>X</FLAG_CORR>
       <STATUS>R</STATUS>
       <LENGTH>255</LENGTH>
       <TEXT>POS - WESOUT Merchandise Implicit Enhancement</TEXT>
      </SOTR_TEXT>
     </ENTRIES>
    </item>
   </SOTR>
   <SOTR_USE>
    <SOTR_USE>
     <PGMID>R3TR</PGMID>
     <OBJECT>ENHO</OBJECT>
     <OBJ_NAME>ZPOS_EI_ARTICLE_IMPL</OBJ_NAME>
     <CONCEPT>5A65721F06021EEBA0B8308DA172E568</CONCEPT>
     <LFD_NUM>0001</LFD_NUM>
    </SOTR_USE>
   </SOTR_USE>
  </asx:values>
 </asx:abap>
</abapGit>
