﻿<?xml version="1.0" encoding="utf-8"?>
<abapGit version="v1.0.0" serializer="LCL_OBJECT_DOMA" serializer_version="v1.0.0">
 <asx:abap xmlns:asx="http://www.sap.com/abapxml" version="1.0">
  <asx:values>
   <DD01V>
    <DOMNAME>ZPOS_REASONCODE</DOMNAME>
    <DDLANGUAGE>E</DDLANGUAGE>
    <DATATYPE>CHAR</DATATYPE>
    <LENG>000004</LENG>
    <OUTPUTLEN>000004</OUTPUTLEN>
    <ENTITYTAB>ZPOS_REASON</ENTITYTAB>
    <CONVEXIT>ALPHA</CONVEXIT>
    <DDTEXT>Code for Reason</DDTEXT>
   </DD01V>
  </asx:values>
 </asx:abap>
</abapGit>
