﻿<?xml version="1.0" encoding="utf-8"?>
<abapGit version="v1.0.0" serializer="LCL_OBJECT_PROG" serializer_version="v1.0.0">
 <asx:abap xmlns:asx="http://www.sap.com/abapxml" version="1.0">
  <asx:values>
   <PROGDIR>
    <NAME>ZPOS_OUTBOUND_DEL_GI_TOP</NAME>
    <SUBC>I</SUBC>
    <RSTAT>K</RSTAT>
    <RLOAD>E</RLOAD>
    <UCCHECK>X</UCCHECK>
   </PROGDIR>
   <TPOOL>
    <item>
     <ID>R</ID>
     <ENTRY>Include ZPOS_PERSIST_PRICELIST_TOP</ENTRY>
     <LENGTH>34</LENGTH>
    </item>
   </TPOOL>
  </asx:values>
 </asx:abap>
</abapGit>
