﻿<?xml version="1.0" encoding="utf-8"?>
<abapGit version="v1.0.0" serializer="LCL_OBJECT_TABL" serializer_version="v1.0.0">
 <asx:abap xmlns:asx="http://www.sap.com/abapxml" version="1.0">
  <asx:values>
   <DD02V>
    <TABNAME>ZPOS_PRICELIST_RFC_STY</TABNAME>
    <DDLANGUAGE>E</DDLANGUAGE>
    <TABCLASS>INTTAB</TABCLASS>
    <LANGDEP>X</LANGDEP>
    <DDTEXT>POS - Price List Structure - RFC</DDTEXT>
   </DD02V>
   <DD03P_TABLE>
    <DD03P>
     <FIELDNAME>.INCLUDE</FIELDNAME>
     <ADMINFIELD>0</ADMINFIELD>
     <PRECFIELD>ZPOS_PRICELIST_KEY_STY</PRECFIELD>
     <MASK>      S</MASK>
     <DDTEXT>POS - Price List Structure - Key Fields</DDTEXT>
     <COMPTYPE>S</COMPTYPE>
     <GROUPNAME>KEY</GROUPNAME>
    </DD03P>
    <DD03P>
     <FIELDNAME>.INCLUDE</FIELDNAME>
     <ADMINFIELD>0</ADMINFIELD>
     <PRECFIELD>ZPOS_PRICELIST_DATA_STY</PRECFIELD>
     <MASK>      S</MASK>
     <DDTEXT>POS - Price List Structure - Data Elements</DDTEXT>
     <COMPTYPE>S</COMPTYPE>
     <GROUPNAME>DATA</GROUPNAME>
    </DD03P>
    <DD03P>
     <FIELDNAME>EFF_SCALE</FIELDNAME>
     <ROLLNAME>ZPOS_PRICELIST_SCALE_TTY</ROLLNAME>
     <ADMINFIELD>0</ADMINFIELD>
     <DATATYPE>TTYP</DATATYPE>
     <MASK>  TTYPL</MASK>
     <COMPTYPE>L</COMPTYPE>
    </DD03P>
    <DD03P>
     <FIELDNAME>STD_SCALE</FIELDNAME>
     <ROLLNAME>ZPOS_PRICELIST_SCALE_TTY</ROLLNAME>
     <ADMINFIELD>0</ADMINFIELD>
     <DATATYPE>TTYP</DATATYPE>
     <MASK>  TTYPL</MASK>
     <COMPTYPE>L</COMPTYPE>
    </DD03P>
   </DD03P_TABLE>
  </asx:values>
 </asx:abap>
</abapGit>
