﻿<?xml version="1.0" encoding="utf-8"?>
<abapGit version="v1.0.0" serializer="LCL_OBJECT_TTYP" serializer_version="v1.0.0">
 <asx:abap xmlns:asx="http://www.sap.com/abapxml" version="1.0">
  <asx:values>
   <DD40V>
    <TYPENAME>ZPOS_RT_WORKSTATIONID</TYPENAME>
    <DDLANGUAGE>E</DDLANGUAGE>
    <ROWTYPE>ZPOS_R_WORKSTATIONID</ROWTYPE>
    <ROWKIND>S</ROWKIND>
    <DATATYPE>STRU</DATATYPE>
    <ACCESSMODE>T</ACCESSMODE>
    <KEYDEF>D</KEYDEF>
    <KEYKIND>N</KEYKIND>
    <DDTEXT>Range Table for Cash Desk</DDTEXT>
    <TTYPKIND>R</TTYPKIND>
    <RANGE_CTYP>ZPOS_WORKSTATIONID</RANGE_CTYP>
    <CTDATATYPE>CHAR</CTDATATYPE>
    <CTLENG>000010</CTLENG>
   </DD40V>
  </asx:values>
 </asx:abap>
</abapGit>
