﻿<?xml version="1.0" encoding="utf-8"?>
<abapGit version="v1.0.0" serializer="LCL_OBJECT_TABL" serializer_version="v1.0.0">
 <asx:abap xmlns:asx="http://www.sap.com/abapxml" version="1.0">
  <asx:values>
   <DD02V>
    <TABNAME>ZPOS_OFFER_STEP_01</TABNAME>
    <DDLANGUAGE>E</DDLANGUAGE>
    <TABCLASS>INTTAB</TABCLASS>
    <DDTEXT>POS - ViKING Pricing Offer Steps</DDTEXT>
    <MASTERLANG>E</MASTERLANG>
    <EXCLASS>1</EXCLASS>
   </DD02V>
   <DD03P_TABLE>
    <DD03P>
     <FIELDNAME>DISCOUNT_QUANTITY</FIELDNAME>
     <ADMINFIELD>0</ADMINFIELD>
     <INTTYPE>C</INTTYPE>
     <INTLEN>000012</INTLEN>
     <DATATYPE>CHAR</DATATYPE>
     <LENG>000006</LENG>
     <MASK>  CHAR</MASK>
    </DD03P>
    <DD03P>
     <FIELDNAME>DISCOUNT_AMOUNT</FIELDNAME>
     <ADMINFIELD>0</ADMINFIELD>
     <INTTYPE>C</INTTYPE>
     <INTLEN>000026</INTLEN>
     <DATATYPE>CHAR</DATATYPE>
     <LENG>000013</LENG>
     <MASK>  CHAR</MASK>
    </DD03P>
   </DD03P_TABLE>
   <SEGMENT_DEFINITION>
    <item>
     <SEGMENTHEADER>
      <SEGTYP>ZPOS_OFFER_STEP_01</SEGTYP>
      <DESCRP>POS - ViKING Pricing Offer Steps</DESCRP>
     </SEGMENTHEADER>
     <SEGMENTDEFINITION>
      <SEGTYP>ZPOS_OFFER_STEP_01</SEGTYP>
      <SEGDEF>ZPOS_OFFER_STEP_01000</SEGDEF>
      <FIELDNUM>0002</FIELDNUM>
      <EXPLENG>0019</EXPLENG>
     </SEGMENTDEFINITION>
     <SEGMENTSTRUCTURES>
      <EDISEGSTRU>
       <SEGTYP>ZPOS_OFFER_STEP_01</SEGTYP>
       <POS>0001</POS>
       <FIELDNAME>DISCOUNT_QUANTITY</FIELDNAME>
       <ROLLNAME>INT2</ROLLNAME>
       <EXPLENG>0006</EXPLENG>
      </EDISEGSTRU>
      <EDISEGSTRU>
       <SEGTYP>ZPOS_OFFER_STEP_01</SEGTYP>
       <POS>0002</POS>
       <FIELDNAME>DISCOUNT_AMOUNT</FIELDNAME>
       <ROLLNAME>KBETR</ROLLNAME>
       <EXPLENG>0013</EXPLENG>
      </EDISEGSTRU>
     </SEGMENTSTRUCTURES>
    </item>
   </SEGMENT_DEFINITION>
  </asx:values>
 </asx:abap>
</abapGit>
