﻿<?xml version="1.0" encoding="utf-8"?>
<abapGit version="v1.0.0" serializer="LCL_OBJECT_TABL" serializer_version="v1.0.0">
 <asx:abap xmlns:asx="http://www.sap.com/abapxml" version="1.0">
  <asx:values>
   <DD02V>
    <TABNAME>ZPOS_ARTICLE_BOM_01</TABNAME>
    <DDLANGUAGE>E</DDLANGUAGE>
    <TABCLASS>INTTAB</TABCLASS>
    <DDTEXT>POS - Article BOM Details</DDTEXT>
    <MASTERLANG>E</MASTERLANG>
    <EXCLASS>1</EXCLASS>
   </DD02V>
   <DD03P_TABLE>
    <DD03P>
     <FIELDNAME>STLNR</FIELDNAME>
     <ADMINFIELD>0</ADMINFIELD>
     <INTTYPE>C</INTTYPE>
     <INTLEN>000016</INTLEN>
     <DATATYPE>CHAR</DATATYPE>
     <LENG>000008</LENG>
     <MASK>  CHAR</MASK>
    </DD03P>
    <DD03P>
     <FIELDNAME>STLKN</FIELDNAME>
     <ADMINFIELD>0</ADMINFIELD>
     <INTTYPE>C</INTTYPE>
     <INTLEN>000016</INTLEN>
     <DATATYPE>CHAR</DATATYPE>
     <LENG>000008</LENG>
     <MASK>  CHAR</MASK>
    </DD03P>
    <DD03P>
     <FIELDNAME>IDNRK</FIELDNAME>
     <ADMINFIELD>0</ADMINFIELD>
     <INTTYPE>C</INTTYPE>
     <INTLEN>000080</INTLEN>
     <DATATYPE>CHAR</DATATYPE>
     <LENG>000040</LENG>
     <MASK>  CHAR</MASK>
    </DD03P>
    <DD03P>
     <FIELDNAME>DESCRIPTION</FIELDNAME>
     <ADMINFIELD>0</ADMINFIELD>
     <INTTYPE>C</INTTYPE>
     <INTLEN>000080</INTLEN>
     <DATATYPE>CHAR</DATATYPE>
     <LENG>000040</LENG>
     <MASK>  CHAR</MASK>
    </DD03P>
    <DD03P>
     <FIELDNAME>BOM_EAN11</FIELDNAME>
     <ADMINFIELD>0</ADMINFIELD>
     <INTTYPE>C</INTTYPE>
     <INTLEN>000036</INTLEN>
     <DATATYPE>CHAR</DATATYPE>
     <LENG>000018</LENG>
     <MASK>  CHAR</MASK>
    </DD03P>
    <DD03P>
     <FIELDNAME>BOM_NUMTP</FIELDNAME>
     <ADMINFIELD>0</ADMINFIELD>
     <INTTYPE>C</INTTYPE>
     <INTLEN>000004</INTLEN>
     <DATATYPE>CHAR</DATATYPE>
     <LENG>000002</LENG>
     <MASK>  CHAR</MASK>
    </DD03P>
    <DD03P>
     <FIELDNAME>MEINS</FIELDNAME>
     <ADMINFIELD>0</ADMINFIELD>
     <INTTYPE>C</INTTYPE>
     <INTLEN>000006</INTLEN>
     <DATATYPE>CHAR</DATATYPE>
     <LENG>000003</LENG>
     <MASK>  CHAR</MASK>
    </DD03P>
    <DD03P>
     <FIELDNAME>MENGE</FIELDNAME>
     <ADMINFIELD>0</ADMINFIELD>
     <INTTYPE>C</INTTYPE>
     <INTLEN>000030</INTLEN>
     <DATATYPE>CHAR</DATATYPE>
     <LENG>000015</LENG>
     <MASK>  CHAR</MASK>
    </DD03P>
   </DD03P_TABLE>
   <SEGMENT_DEFINITION>
    <item>
     <SEGMENTHEADER>
      <SEGTYP>ZPOS_ARTICLE_BOM_01</SEGTYP>
      <DESCRP>POS - Article BOM Details</DESCRP>
     </SEGMENTHEADER>
     <SEGMENTDEFINITION>
      <SEGTYP>ZPOS_ARTICLE_BOM_01</SEGTYP>
      <SEGDEF>ZPOS_ARTICLE_BOM_01000</SEGDEF>
      <FIELDNUM>0008</FIELDNUM>
      <EXPLENG>0134</EXPLENG>
     </SEGMENTDEFINITION>
     <SEGMENTSTRUCTURES>
      <EDISEGSTRU>
       <SEGTYP>ZPOS_ARTICLE_BOM_01</SEGTYP>
       <POS>0001</POS>
       <FIELDNAME>STLNR</FIELDNAME>
       <ROLLNAME>STNUM</ROLLNAME>
       <EXPLENG>0008</EXPLENG>
      </EDISEGSTRU>
      <EDISEGSTRU>
       <SEGTYP>ZPOS_ARTICLE_BOM_01</SEGTYP>
       <POS>0002</POS>
       <FIELDNAME>STLKN</FIELDNAME>
       <ROLLNAME>STLKN</ROLLNAME>
       <EXPLENG>0008</EXPLENG>
      </EDISEGSTRU>
      <EDISEGSTRU>
       <SEGTYP>ZPOS_ARTICLE_BOM_01</SEGTYP>
       <POS>0003</POS>
       <FIELDNAME>IDNRK</FIELDNAME>
       <ROLLNAME>IDNRK</ROLLNAME>
       <EXPLENG>0040</EXPLENG>
      </EDISEGSTRU>
      <EDISEGSTRU>
       <SEGTYP>ZPOS_ARTICLE_BOM_01</SEGTYP>
       <POS>0004</POS>
       <FIELDNAME>DESCRIPTION</FIELDNAME>
       <ROLLNAME>MAKTX</ROLLNAME>
       <EXPLENG>0040</EXPLENG>
      </EDISEGSTRU>
      <EDISEGSTRU>
       <SEGTYP>ZPOS_ARTICLE_BOM_01</SEGTYP>
       <POS>0005</POS>
       <FIELDNAME>BOM_EAN11</FIELDNAME>
       <ROLLNAME>EAN11</ROLLNAME>
       <EXPLENG>0018</EXPLENG>
      </EDISEGSTRU>
      <EDISEGSTRU>
       <SEGTYP>ZPOS_ARTICLE_BOM_01</SEGTYP>
       <POS>0006</POS>
       <FIELDNAME>BOM_NUMTP</FIELDNAME>
       <ROLLNAME>NUMTP</ROLLNAME>
       <EXPLENG>0002</EXPLENG>
      </EDISEGSTRU>
      <EDISEGSTRU>
       <SEGTYP>ZPOS_ARTICLE_BOM_01</SEGTYP>
       <POS>0007</POS>
       <FIELDNAME>MEINS</FIELDNAME>
       <ROLLNAME>MEINS</ROLLNAME>
       <EXPLENG>0003</EXPLENG>
      </EDISEGSTRU>
      <EDISEGSTRU>
       <SEGTYP>ZPOS_ARTICLE_BOM_01</SEGTYP>
       <POS>0008</POS>
       <FIELDNAME>MENGE</FIELDNAME>
       <ROLLNAME>MENGE_D</ROLLNAME>
       <EXPLENG>0015</EXPLENG>
      </EDISEGSTRU>
     </SEGMENTSTRUCTURES>
    </item>
   </SEGMENT_DEFINITION>
  </asx:values>
 </asx:abap>
</abapGit>
