﻿<?xml version="1.0" encoding="utf-8"?>
<abapGit version="v1.0.0" serializer="LCL_OBJECT_TABL" serializer_version="v1.0.0">
 <asx:abap xmlns:asx="http://www.sap.com/abapxml" version="1.0">
  <asx:values>
   <DD02V>
    <TABNAME>ZPOS_ESL_STATUS01</TABNAME>
    <DDLANGUAGE>E</DDLANGUAGE>
    <TABCLASS>INTTAB</TABCLASS>
    <DDTEXT>POS - ESL GTIN Status</DDTEXT>
    <MASTERLANG>E</MASTERLANG>
    <EXCLASS>1</EXCLASS>
   </DD02V>
   <DD03P_TABLE>
    <DD03P>
     <FIELDNAME>WERKS</FIELDNAME>
     <ADMINFIELD>0</ADMINFIELD>
     <INTTYPE>C</INTTYPE>
     <INTLEN>000008</INTLEN>
     <DATATYPE>CHAR</DATATYPE>
     <LENG>000004</LENG>
     <MASK>  CHAR</MASK>
    </DD03P>
    <DD03P>
     <FIELDNAME>EAN11</FIELDNAME>
     <ADMINFIELD>0</ADMINFIELD>
     <INTTYPE>C</INTTYPE>
     <INTLEN>000036</INTLEN>
     <DATATYPE>CHAR</DATATYPE>
     <LENG>000018</LENG>
     <MASK>  CHAR</MASK>
    </DD03P>
    <DD03P>
     <FIELDNAME>ESL_ACTIVE</FIELDNAME>
     <ADMINFIELD>0</ADMINFIELD>
     <INTTYPE>C</INTTYPE>
     <INTLEN>000002</INTLEN>
     <DATATYPE>CHAR</DATATYPE>
     <LENG>000001</LENG>
     <MASK>  CHAR</MASK>
    </DD03P>
   </DD03P_TABLE>
   <SEGMENT_DEFINITION>
    <item>
     <SEGMENTHEADER>
      <SEGTYP>ZPOS_ESL_STATUS01</SEGTYP>
      <DESCRP>POS - ESL GTIN Status</DESCRP>
     </SEGMENTHEADER>
     <SEGMENTDEFINITION>
      <SEGTYP>ZPOS_ESL_STATUS01</SEGTYP>
      <SEGDEF>ZPOS_ESL_STATUS01000</SEGDEF>
      <FIELDNUM>0003</FIELDNUM>
      <EXPLENG>0023</EXPLENG>
     </SEGMENTDEFINITION>
     <SEGMENTSTRUCTURES>
      <EDISEGSTRU>
       <SEGTYP>ZPOS_ESL_STATUS01</SEGTYP>
       <POS>0001</POS>
       <FIELDNAME>WERKS</FIELDNAME>
       <ROLLNAME>WERKS_D</ROLLNAME>
       <EXPLENG>0004</EXPLENG>
      </EDISEGSTRU>
      <EDISEGSTRU>
       <SEGTYP>ZPOS_ESL_STATUS01</SEGTYP>
       <POS>0002</POS>
       <FIELDNAME>EAN11</FIELDNAME>
       <ROLLNAME>EAN11</ROLLNAME>
       <EXPLENG>0018</EXPLENG>
      </EDISEGSTRU>
      <EDISEGSTRU>
       <SEGTYP>ZPOS_ESL_STATUS01</SEGTYP>
       <POS>0003</POS>
       <FIELDNAME>ESL_ACTIVE</FIELDNAME>
       <ROLLNAME>BOOLE_D</ROLLNAME>
       <EXPLENG>0001</EXPLENG>
      </EDISEGSTRU>
     </SEGMENTSTRUCTURES>
    </item>
   </SEGMENT_DEFINITION>
  </asx:values>
 </asx:abap>
</abapGit>
