﻿<?xml version="1.0" encoding="utf-8"?>
<abapGit version="v1.0.0" serializer="LCL_OBJECT_TTYP" serializer_version="v1.0.0">
 <asx:abap xmlns:asx="http://www.sap.com/abapxml" version="1.0">
  <asx:values>
   <DD40V>
    <TYPENAME>ZPOS_ARTICLE_PRICE_TTY</TYPENAME>
    <DDLANGUAGE>E</DDLANGUAGE>
    <ROWTYPE>ZPOS_ARTICLE_PRICE_STY</ROWTYPE>
    <ROWKIND>S</ROWKIND>
    <DATATYPE>STRU</DATATYPE>
    <ACCESSMODE>T</ACCESSMODE>
    <KEYDEF>K</KEYDEF>
    <KEYKIND>N</KEYKIND>
    <KEYFDCOUNT>0007</KEYFDCOUNT>
    <DDTEXT>POS - Article Price - Table Type</DDTEXT>
   </DD40V>
   <DD42V>
    <DD42V>
     <TYPENAME>ZPOS_ARTICLE_PRICE_TTY</TYPENAME>
     <KEYFDPOS>0001</KEYFDPOS>
     <ROWTYPEPOS>0002</ROWTYPEPOS>
     <KEYFIELD>VKORG</KEYFIELD>
    </DD42V>
    <DD42V>
     <TYPENAME>ZPOS_ARTICLE_PRICE_TTY</TYPENAME>
     <KEYFDPOS>0002</KEYFDPOS>
     <ROWTYPEPOS>0003</ROWTYPEPOS>
     <KEYFIELD>VTWEG</KEYFIELD>
    </DD42V>
    <DD42V>
     <TYPENAME>ZPOS_ARTICLE_PRICE_TTY</TYPENAME>
     <KEYFDPOS>0003</KEYFDPOS>
     <ROWTYPEPOS>0004</ROWTYPEPOS>
     <KEYFIELD>WERKS</KEYFIELD>
    </DD42V>
    <DD42V>
     <TYPENAME>ZPOS_ARTICLE_PRICE_TTY</TYPENAME>
     <KEYFDPOS>0004</KEYFDPOS>
     <ROWTYPEPOS>0005</ROWTYPEPOS>
     <KEYFIELD>MATNR</KEYFIELD>
    </DD42V>
    <DD42V>
     <TYPENAME>ZPOS_ARTICLE_PRICE_TTY</TYPENAME>
     <KEYFDPOS>0005</KEYFDPOS>
     <ROWTYPEPOS>0006</ROWTYPEPOS>
     <KEYFIELD>EAN11</KEYFIELD>
    </DD42V>
    <DD42V>
     <TYPENAME>ZPOS_ARTICLE_PRICE_TTY</TYPENAME>
     <KEYFDPOS>0006</KEYFDPOS>
     <ROWTYPEPOS>0007</ROWTYPEPOS>
     <KEYFIELD>VRKME</KEYFIELD>
    </DD42V>
    <DD42V>
     <TYPENAME>ZPOS_ARTICLE_PRICE_TTY</TYPENAME>
     <KEYFDPOS>0007</KEYFDPOS>
     <ROWTYPEPOS>0008</ROWTYPEPOS>
     <KEYFIELD>DATBI</KEYFIELD>
    </DD42V>
   </DD42V>
  </asx:values>
 </asx:abap>
</abapGit>
