﻿<?xml version="1.0" encoding="utf-8"?>
<abapGit version="v1.0.0" serializer="LCL_OBJECT_DTEL" serializer_version="v1.0.0">
 <asx:abap xmlns:asx="http://www.sap.com/abapxml" version="1.0">
  <asx:values>
   <DD04V>
    <ROLLNAME>ZPOS_ACCOUNTNUMBER</ROLLNAME>
    <DDLANGUAGE>E</DDLANGUAGE>
    <DOMNAME>ZPOS_ACCOUNT20</DOMNAME>
    <HEADLEN>20</HEADLEN>
    <SCRLEN1>10</SCRLEN1>
    <SCRLEN2>20</SCRLEN2>
    <SCRLEN3>40</SCRLEN3>
    <DDTEXT>Cash Account</DDTEXT>
    <REPTEXT>Account</REPTEXT>
    <SCRTEXT_S>Account</SCRTEXT_S>
    <SCRTEXT_M>Cash Account</SCRTEXT_M>
    <SCRTEXT_L>Cash Account</SCRTEXT_L>
    <DTELMASTER>D</DTELMASTER>
    <DEFFDNAME>ACCOUNTNUMBER</DEFFDNAME>
    <REFKIND>D</REFKIND>
   </DD04V>
  </asx:values>
 </asx:abap>
</abapGit>
