﻿<?xml version="1.0" encoding="utf-8"?>
<abapGit version="v1.0.0" serializer="LCL_OBJECT_PROG" serializer_version="v1.0.0">
 <asx:abap xmlns:asx="http://www.sap.com/abapxml" version="1.0">
  <asx:values>
   <PROGDIR>
    <NAME>ZPOS_PERSIST_PRICELIST</NAME>
    <SUBC>1</SUBC>
    <RSTAT>K</RSTAT>
    <RLOAD>E</RLOAD>
    <FIXPT>X</FIXPT>
    <UCCHECK>X</UCCHECK>
   </PROGDIR>
   <TPOOL>
    <item>
     <ID>I</ID>
     <KEY>001</KEY>
     <ENTRY>Date From</ENTRY>
     <LENGTH>19</LENGTH>
    </item>
    <item>
     <ID>I</ID>
     <KEY>T01</KEY>
     <ENTRY>Full Update</ENTRY>
     <LENGTH>12</LENGTH>
    </item>
    <item>
     <ID>I</ID>
     <KEY>T02</KEY>
     <ENTRY>Delta Update</ENTRY>
     <LENGTH>12</LENGTH>
    </item>
    <item>
     <ID>I</ID>
     <KEY>T03</KEY>
     <ENTRY>Update WIND</ENTRY>
     <LENGTH>11</LENGTH>
    </item>
    <item>
     <ID>I</ID>
     <KEY>T04</KEY>
     <ENTRY>Application</ENTRY>
     <LENGTH>11</LENGTH>
    </item>
    <item>
     <ID>I</ID>
     <KEY>T05</KEY>
     <ENTRY>Date From</ENTRY>
     <LENGTH>9</LENGTH>
    </item>
    <item>
     <ID>I</ID>
     <KEY>T06</KEY>
     <ENTRY>Date To</ENTRY>
     <LENGTH>7</LENGTH>
    </item>
    <item>
     <ID>I</ID>
     <KEY>T07</KEY>
     <ENTRY>Data Recipient</ENTRY>
     <LENGTH>14</LENGTH>
    </item>
    <item>
     <ID>I</ID>
     <KEY>TF0</KEY>
     <ENTRY>Main Selection Criteria</ENTRY>
     <LENGTH>23</LENGTH>
    </item>
    <item>
     <ID>I</ID>
     <KEY>TF1</KEY>
     <ENTRY>Additional Selection Criteria - Dates</ENTRY>
     <LENGTH>50</LENGTH>
    </item>
    <item>
     <ID>R</ID>
     <ENTRY>BAUHAUS - Custom Price List Generation / Update</ENTRY>
     <LENGTH>47</LENGTH>
    </item>
   </TPOOL>
  </asx:values>
 </asx:abap>
</abapGit>
