﻿<?xml version="1.0" encoding="utf-8"?>
<abapGit version="v1.0.0" serializer="LCL_OBJECT_IWPR" serializer_version="v1.0.0">
 <asx:abap xmlns:asx="http://www.sap.com/abapxml" version="1.0">
  <asx:values>
   <_-IWBEP_-I_SBD_MD>
    <_-IWBEP_-I_SBD_MD>
     <PROJECT>ZPOS_VIK_B2B_ORDER_INFO</PROJECT>
     <NODE_UUID>WmVyHwYCHtuZkRryvhhbqg==</NODE_UUID>
     <NODE_UUID_PA>WmVyHwYCHtuZkRryvhg7qg==</NODE_UUID_PA>
     <PLUGIN_PA>/IWBEP/CORE</PLUGIN_PA>
     <NODE_TYPE_PA>PROJ</NODE_TYPE_PA>
    </_-IWBEP_-I_SBD_MD>
   </_-IWBEP_-I_SBD_MD>
   <_-IWBEP_-I_SBD_MDT>
    <_-IWBEP_-I_SBD_MDT>
     <SYLANGU>E</SYLANGU>
     <PROJECT>ZPOS_VIK_B2B_ORDER_INFO</PROJECT>
     <NODE_UUID>WmVyHwYCHtuZkRryvhhbqg==</NODE_UUID>
    </_-IWBEP_-I_SBD_MDT>
   </_-IWBEP_-I_SBD_MDT>
   <_-IWBEP_-I_SBD_NOI>
    <_-IWBEP_-I_SBD_NOI>
     <PROJECT>ZPOS_VIK_B2B_ORDER_INFO</PROJECT>
     <NODE_UUID>WmVyHwYCHtuZkRryvhg7qg==</NODE_UUID>
    </_-IWBEP_-I_SBD_NOI>
    <_-IWBEP_-I_SBD_NOI>
     <PROJECT>ZPOS_VIK_B2B_ORDER_INFO</PROJECT>
     <NODE_UUID>WmVyHwYCHtuZkRryvhhbqg==</NODE_UUID>
    </_-IWBEP_-I_SBD_NOI>
    <_-IWBEP_-I_SBD_NOI>
     <PROJECT>ZPOS_VIK_B2B_ORDER_INFO</PROJECT>
     <NODE_UUID>WmVyHwYCHtuZkRryvhh7qg==</NODE_UUID>
    </_-IWBEP_-I_SBD_NOI>
   </_-IWBEP_-I_SBD_NOI>
   <_-IWBEP_-I_SBD_PR>
    <_-IWBEP_-I_SBD_PR>
     <PROJECT>ZPOS_VIK_B2B_ORDER_INFO</PROJECT>
     <NODE_UUID>WmVyHwYCHtuZkRryvhg7qg==</NODE_UUID>
     <CREATION_USER_ID>BRENNANN</CREATION_USER_ID>
     <CREATION_TIME>20210201122727.031942</CREATION_TIME>
     <LAST_CHG_USER_ID>BRENNANN</LAST_CHG_USER_ID>
     <LAST_CHG_TIME>20210201122727.031947</LAST_CHG_TIME>
     <LAST_CHG_STATE>WmVyHwYCHtuZkUujhGa74A==</LAST_CHG_STATE>
     <PLUGIN>/IWBEP/GEN</PLUGIN>
     <STRAT_NAME>0001</STRAT_NAME>
     <PROJECT_TYPE>1</PROJECT_TYPE>
    </_-IWBEP_-I_SBD_PR>
   </_-IWBEP_-I_SBD_PR>
   <_-IWBEP_-I_SBD_PRT>
    <_-IWBEP_-I_SBD_PRT>
     <PROJECT>ZPOS_VIK_B2B_ORDER_INFO</PROJECT>
     <SYLANGU>E</SYLANGU>
     <DESCRIPTION>POS  - B2B Order Data for Viking</DESCRIPTION>
    </_-IWBEP_-I_SBD_PRT>
   </_-IWBEP_-I_SBD_PRT>
   <_-IWBEP_-I_SBD_SV>
    <_-IWBEP_-I_SBD_SV>
     <PROJECT>ZPOS_VIK_B2B_ORDER_INFO</PROJECT>
     <NODE_UUID>WmVyHwYCHtuZkRryvhh7qg==</NODE_UUID>
    </_-IWBEP_-I_SBD_SV>
   </_-IWBEP_-I_SBD_SV>
   <_-IWBEP_-I_SBD_SVT>
    <_-IWBEP_-I_SBD_SVT>
     <SYLANGU>E</SYLANGU>
     <PROJECT>ZPOS_VIK_B2B_ORDER_INFO</PROJECT>
     <NODE_UUID>WmVyHwYCHtuZkRryvhh7qg==</NODE_UUID>
    </_-IWBEP_-I_SBD_SVT>
   </_-IWBEP_-I_SBD_SVT>
  </asx:values>
 </asx:abap>
</abapGit>
