﻿<?xml version="1.0" encoding="utf-8"?>
<abapGit version="v1.0.0" serializer="LCL_OBJECT_DOMA" serializer_version="v1.0.0">
 <asx:abap xmlns:asx="http://www.sap.com/abapxml" version="1.0">
  <asx:values>
   <DD01V>
    <DOMNAME>ZPOS_QUANTITY</DOMNAME>
    <DDLANGUAGE>E</DDLANGUAGE>
    <DATATYPE>QUAN</DATATYPE>
    <LENG>000013</LENG>
    <OUTPUTLEN>000018</OUTPUTLEN>
    <DECIMALS>000003</DECIMALS>
    <SIGNFLAG>X</SIGNFLAG>
    <DDTEXT>Quantity Field</DDTEXT>
   </DD01V>
  </asx:values>
 </asx:abap>
</abapGit>
