﻿<?xml version="1.0" encoding="utf-8"?>
<abapGit version="v1.0.0" serializer="LCL_OBJECT_TABL" serializer_version="v1.0.0">
 <asx:abap xmlns:asx="http://www.sap.com/abapxml" version="1.0">
  <asx:values>
   <DD02V>
    <TABNAME>ZPOS_ITEMLIST_HEADER_01</TABNAME>
    <DDLANGUAGE>E</DDLANGUAGE>
    <TABCLASS>INTTAB</TABCLASS>
    <DDTEXT>POS - ViKING Pricing Offer ItemList Header</DDTEXT>
    <MASTERLANG>E</MASTERLANG>
    <EXCLASS>1</EXCLASS>
   </DD02V>
   <DD03P_TABLE>
    <DD03P>
     <FIELDNAME>ACTION</FIELDNAME>
     <ADMINFIELD>0</ADMINFIELD>
     <INTTYPE>C</INTTYPE>
     <INTLEN>000002</INTLEN>
     <DATATYPE>CHAR</DATATYPE>
     <LENG>000001</LENG>
     <MASK>  CHAR</MASK>
    </DD03P>
    <DD03P>
     <FIELDNAME>ARTICLELIST_ID</FIELDNAME>
     <ADMINFIELD>0</ADMINFIELD>
     <INTTYPE>C</INTTYPE>
     <INTLEN>000016</INTLEN>
     <DATATYPE>CHAR</DATATYPE>
     <LENG>000008</LENG>
     <MASK>  CHAR</MASK>
    </DD03P>
    <DD03P>
     <FIELDNAME>BBYNR</FIELDNAME>
     <ADMINFIELD>0</ADMINFIELD>
     <INTTYPE>C</INTTYPE>
     <INTLEN>000024</INTLEN>
     <DATATYPE>CHAR</DATATYPE>
     <LENG>000012</LENG>
     <MASK>  CHAR</MASK>
    </DD03P>
    <DD03P>
     <FIELDNAME>COUNTRY</FIELDNAME>
     <ADMINFIELD>0</ADMINFIELD>
     <INTTYPE>C</INTTYPE>
     <INTLEN>000006</INTLEN>
     <DATATYPE>CHAR</DATATYPE>
     <LENG>000003</LENG>
     <MASK>  CHAR</MASK>
    </DD03P>
    <DD03P>
     <FIELDNAME>STORE</FIELDNAME>
     <ADMINFIELD>0</ADMINFIELD>
     <INTTYPE>C</INTTYPE>
     <INTLEN>000008</INTLEN>
     <DATATYPE>CHAR</DATATYPE>
     <LENG>000004</LENG>
     <MASK>  CHAR</MASK>
    </DD03P>
    <DD03P>
     <FIELDNAME>DESCRIPTION</FIELDNAME>
     <ADMINFIELD>0</ADMINFIELD>
     <INTTYPE>C</INTTYPE>
     <INTLEN>000120</INTLEN>
     <DATATYPE>CHAR</DATATYPE>
     <LENG>000060</LENG>
     <MASK>  CHAR</MASK>
    </DD03P>
   </DD03P_TABLE>
   <SEGMENT_DEFINITION>
    <item>
     <SEGMENTHEADER>
      <SEGTYP>ZPOS_ITEMLIST_HEADER_01</SEGTYP>
      <DESCRP>POS - ViKING Pricing Offer ItemList Header</DESCRP>
     </SEGMENTHEADER>
     <SEGMENTDEFINITION>
      <SEGTYP>ZPOS_ITEMLIST_HEADER_01</SEGTYP>
      <SEGDEF>ZPOS_ITEMLIST_HEADER_01000</SEGDEF>
      <FIELDNUM>0006</FIELDNUM>
      <EXPLENG>0088</EXPLENG>
     </SEGMENTDEFINITION>
     <SEGMENTSTRUCTURES>
      <EDISEGSTRU>
       <SEGTYP>ZPOS_ITEMLIST_HEADER_01</SEGTYP>
       <POS>0001</POS>
       <FIELDNAME>ACTION</FIELDNAME>
       <ROLLNAME>BAPIUPDKZ</ROLLNAME>
       <EXPLENG>0001</EXPLENG>
      </EDISEGSTRU>
      <EDISEGSTRU>
       <SEGTYP>ZPOS_ITEMLIST_HEADER_01</SEGTYP>
       <POS>0002</POS>
       <FIELDNAME>ARTICLELIST_ID</FIELDNAME>
       <ROLLNAME>ZPOS_VK_OFFER_ID</ROLLNAME>
       <EXPLENG>0008</EXPLENG>
      </EDISEGSTRU>
      <EDISEGSTRU>
       <SEGTYP>ZPOS_ITEMLIST_HEADER_01</SEGTYP>
       <POS>0003</POS>
       <FIELDNAME>BBYNR</FIELDNAME>
       <ROLLNAME>BBYNR</ROLLNAME>
       <EXPLENG>0012</EXPLENG>
      </EDISEGSTRU>
      <EDISEGSTRU>
       <SEGTYP>ZPOS_ITEMLIST_HEADER_01</SEGTYP>
       <POS>0004</POS>
       <FIELDNAME>COUNTRY</FIELDNAME>
       <ROLLNAME>LAND1</ROLLNAME>
       <EXPLENG>0003</EXPLENG>
      </EDISEGSTRU>
      <EDISEGSTRU>
       <SEGTYP>ZPOS_ITEMLIST_HEADER_01</SEGTYP>
       <POS>0005</POS>
       <FIELDNAME>STORE</FIELDNAME>
       <ROLLNAME>WERKS_D</ROLLNAME>
       <EXPLENG>0004</EXPLENG>
      </EDISEGSTRU>
      <EDISEGSTRU>
       <SEGTYP>ZPOS_ITEMLIST_HEADER_01</SEGTYP>
       <POS>0006</POS>
       <FIELDNAME>DESCRIPTION</FIELDNAME>
       <ROLLNAME>BBYTEXT</ROLLNAME>
       <EXPLENG>0060</EXPLENG>
      </EDISEGSTRU>
     </SEGMENTSTRUCTURES>
    </item>
   </SEGMENT_DEFINITION>
  </asx:values>
 </asx:abap>
</abapGit>
