﻿<?xml version="1.0" encoding="utf-8"?>
<abapGit version="v1.0.0" serializer="LCL_OBJECT_FUGR" serializer_version="v1.0.0">
 <asx:abap xmlns:asx="http://www.sap.com/abapxml" version="1.0">
  <asx:values>
   <AREAT>POS Integration - Func. Group</AREAT>
   <INCLUDES>
    <SOBJ_NAME>LZPOS_FUNCTOP</SOBJ_NAME>
    <SOBJ_NAME>SAPLZPOS_FUNC</SOBJ_NAME>
   </INCLUDES>
   <FUNCTIONS>
    <item>
     <FUNCNAME>Z_POS_BBY_PRICING_TEST</FUNCNAME>
     <SHORT_TEXT>POS - Bonus Buy - Testing Function</SHORT_TEXT>
     <IMPORT>
      <RSIMP>
       <PARAMETER>IV_VTWEG</PARAMETER>
       <DEFAULT>&apos;90&apos;</DEFAULT>
       <OPTIONAL>X</OPTIONAL>
       <REFERENCE>X</REFERENCE>
       <TYP>VTWEG</TYP>
      </RSIMP>
      <RSIMP>
       <PARAMETER>IV_VKORG</PARAMETER>
       <DEFAULT>&apos;1090&apos;</DEFAULT>
       <OPTIONAL>X</OPTIONAL>
       <REFERENCE>X</REFERENCE>
       <TYP>VKORG</TYP>
      </RSIMP>
      <RSIMP>
       <PARAMETER>IV_WERKS</PARAMETER>
       <DEFAULT>&apos;C003&apos;</DEFAULT>
       <OPTIONAL>X</OPTIONAL>
       <REFERENCE>X</REFERENCE>
       <TYP>WERKS_D</TYP>
      </RSIMP>
      <RSIMP>
       <PARAMETER>IV_PRICE_DATE</PARAMETER>
       <DEFAULT>SY-DATUM</DEFAULT>
       <OPTIONAL>X</OPTIONAL>
       <REFERENCE>X</REFERENCE>
       <TYP>DATS</TYP>
      </RSIMP>
      <RSIMP>
       <PARAMETER>IV_CURRENCY</PARAMETER>
       <DEFAULT>&apos;EUR&apos;</DEFAULT>
       <OPTIONAL>X</OPTIONAL>
       <REFERENCE>X</REFERENCE>
       <TYP>WAERS</TYP>
      </RSIMP>
      <RSIMP>
       <PARAMETER>IT_SALES_ORDER</PARAMETER>
       <REFERENCE>X</REFERENCE>
       <TYP>ZPOS_ORDER_LINE_TTY</TYP>
      </RSIMP>
      <RSIMP>
       <PARAMETER>IT_R_AKTNR</PARAMETER>
       <REFERENCE>X</REFERENCE>
       <TYP>FIP_T_AKTRN_RANGE</TYP>
      </RSIMP>
     </IMPORT>
     <EXPORT>
      <RSEXP>
       <PARAMETER>ET_PRICED_ORDER</PARAMETER>
       <REFERENCE>X</REFERENCE>
       <TYP>ZPOS_BBY_TOTAL_TTY</TYP>
      </RSEXP>
      <RSEXP>
       <PARAMETER>ET_OPEN_ORDER</PARAMETER>
       <REFERENCE>X</REFERENCE>
       <TYP>ZPOS_ORDER_LINE_TTY</TYP>
      </RSEXP>
     </EXPORT>
     <DOCUMENTATION>
      <RSFDO>
       <PARAMETER>IV_VTWEG</PARAMETER>
       <KIND>P</KIND>
       <STEXT>Distribution Channel</STEXT>
      </RSFDO>
      <RSFDO>
       <PARAMETER>IV_VKORG</PARAMETER>
       <KIND>P</KIND>
       <STEXT>Sales Organization</STEXT>
      </RSFDO>
      <RSFDO>
       <PARAMETER>IV_WERKS</PARAMETER>
       <KIND>P</KIND>
       <STEXT>Plant</STEXT>
      </RSFDO>
      <RSFDO>
       <PARAMETER>IV_PRICE_DATE</PARAMETER>
       <KIND>P</KIND>
       <STEXT>Field of type DATS</STEXT>
      </RSFDO>
      <RSFDO>
       <PARAMETER>IV_CURRENCY</PARAMETER>
       <KIND>P</KIND>
       <STEXT>Currency Key</STEXT>
      </RSFDO>
      <RSFDO>
       <PARAMETER>IT_SALES_ORDER</PARAMETER>
       <KIND>P</KIND>
       <STEXT>POS - Order Line - Table Type</STEXT>
      </RSFDO>
      <RSFDO>
       <PARAMETER>IT_R_AKTNR</PARAMETER>
       <KIND>P</KIND>
       <STEXT>Range: Promotion</STEXT>
      </RSFDO>
      <RSFDO>
       <PARAMETER>ET_PRICED_ORDER</PARAMETER>
       <KIND>P</KIND>
       <STEXT>POS - Bonus Buy Total View - Table Type</STEXT>
      </RSFDO>
      <RSFDO>
       <PARAMETER>ET_OPEN_ORDER</PARAMETER>
       <KIND>P</KIND>
       <STEXT>POS - Order Line - Table Type</STEXT>
      </RSFDO>
     </DOCUMENTATION>
    </item>
    <item>
     <FUNCNAME>Z_POS_BBY_RECURSIVE_PRICING</FUNCNAME>
     <SHORT_TEXT>POS - Bonus Buy Recursuve Pricing Function</SHORT_TEXT>
     <IMPORT>
      <RSIMP>
       <PARAMETER>IT_OPEN_ORDER</PARAMETER>
       <TYP>ZPOS_ORDER_LINE_TTY</TYP>
      </RSIMP>
      <RSIMP>
       <PARAMETER>IT_PRICED_ORDER</PARAMETER>
       <TYP>ZPOS_BBY_TOTAL_TTY</TYP>
      </RSIMP>
      <RSIMP>
       <PARAMETER>IT_BONUS_BUY</PARAMETER>
       <TYP>ZPOS_BONUS_BUY_ALL_TTY</TYP>
      </RSIMP>
      <RSIMP>
       <PARAMETER>IV_MAX_RECURSION</PARAMETER>
       <DEFAULT>10</DEFAULT>
       <OPTIONAL>X</OPTIONAL>
       <REFERENCE>X</REFERENCE>
       <TYP>I</TYP>
      </RSIMP>
     </IMPORT>
     <EXPORT>
      <RSEXP>
       <PARAMETER>ET_OPEN_ORDER</PARAMETER>
       <TYP>ZPOS_ORDER_LINE_TTY</TYP>
      </RSEXP>
      <RSEXP>
       <PARAMETER>ET_PRICED_ORDER</PARAMETER>
       <REFERENCE>X</REFERENCE>
       <TYP>ZPOS_BBY_TOTAL_TTY</TYP>
      </RSEXP>
      <RSEXP>
       <PARAMETER>ET_BONUS_BUY</PARAMETER>
       <TYP>ZPOS_BONUS_BUY_ALL_TTY</TYP>
      </RSEXP>
     </EXPORT>
     <DOCUMENTATION>
      <RSFDO>
       <PARAMETER>IT_OPEN_ORDER</PARAMETER>
       <KIND>P</KIND>
       <STEXT>POS - Order Line - Table Type</STEXT>
      </RSFDO>
      <RSFDO>
       <PARAMETER>IT_PRICED_ORDER</PARAMETER>
       <KIND>P</KIND>
       <STEXT>POS - Bonus Buy Total View - Table Type</STEXT>
      </RSFDO>
      <RSFDO>
       <PARAMETER>IT_BONUS_BUY</PARAMETER>
       <KIND>P</KIND>
       <STEXT>POS Data - Bonus Buy All Data - Table Type</STEXT>
      </RSFDO>
      <RSFDO>
       <PARAMETER>IV_MAX_RECURSION</PARAMETER>
       <KIND>P</KIND>
      </RSFDO>
      <RSFDO>
       <PARAMETER>ET_OPEN_ORDER</PARAMETER>
       <KIND>P</KIND>
       <STEXT>POS - Order Line - Table Type</STEXT>
      </RSFDO>
      <RSFDO>
       <PARAMETER>ET_PRICED_ORDER</PARAMETER>
       <KIND>P</KIND>
       <STEXT>POS - Bonus Buy Total View - Table Type</STEXT>
      </RSFDO>
      <RSFDO>
       <PARAMETER>ET_BONUS_BUY</PARAMETER>
       <KIND>P</KIND>
       <STEXT>POS Data - Bonus Buy All Data - Table Type</STEXT>
      </RSFDO>
     </DOCUMENTATION>
    </item>
    <item>
     <FUNCNAME>Z_POS_DEKORT_ORDER_CLOSE</FUNCNAME>
     <REMOTE_CALL>R</REMOTE_CALL>
     <SHORT_TEXT>POS - Dekort Order Close</SHORT_TEXT>
     <IMPORT>
      <RSIMP>
       <PARAMETER>IV_DOCNUM</PARAMETER>
       <TYP>VBELN_VA</TYP>
      </RSIMP>
      <RSIMP>
       <PARAMETER>IV_REVERSAL</PARAMETER>
       <DEFAULT>ABAP_FALSE</DEFAULT>
       <OPTIONAL>X</OPTIONAL>
       <TYP>BOOLE_D</TYP>
      </RSIMP>
     </IMPORT>
     <TABLES>
      <RSTBL>
       <PARAMETER>ET_MESSAGE</PARAMETER>
       <TYP>BAPIRET2_TT</TYP>
      </RSTBL>
     </TABLES>
     <DOCUMENTATION>
      <RSFDO>
       <PARAMETER>IV_DOCNUM</PARAMETER>
       <KIND>P</KIND>
       <STEXT>Sales Document</STEXT>
      </RSFDO>
      <RSFDO>
       <PARAMETER>IV_REVERSAL</PARAMETER>
       <KIND>P</KIND>
       <STEXT>Used to Remove the Blocks</STEXT>
      </RSFDO>
      <RSFDO>
       <PARAMETER>ET_MESSAGE</PARAMETER>
       <KIND>P</KIND>
       <STEXT>Return error table type parameter</STEXT>
      </RSFDO>
     </DOCUMENTATION>
    </item>
    <item>
     <FUNCNAME>Z_POS_ESL_STATUS_IDOC_INPUT</FUNCNAME>
     <SHORT_TEXT>ESL Status Update IDoc</SHORT_TEXT>
     <IMPORT>
      <RSIMP>
       <PARAMETER>INPUT_METHOD</PARAMETER>
       <REFERENCE>X</REFERENCE>
       <TYP>INPUTMETHD</TYP>
      </RSIMP>
      <RSIMP>
       <PARAMETER>MASS_PROCESSING</PARAMETER>
       <REFERENCE>X</REFERENCE>
       <TYP>MASS_PROC</TYP>
      </RSIMP>
     </IMPORT>
     <EXPORT>
      <RSEXP>
       <PARAMETER>WORKFLOW_RESULT</PARAMETER>
       <REFERENCE>X</REFERENCE>
       <TYP>WF_RESULT</TYP>
      </RSEXP>
      <RSEXP>
       <PARAMETER>APPLICATION_VARIABLE</PARAMETER>
       <REFERENCE>X</REFERENCE>
       <TYP>APPL_VAR</TYP>
      </RSEXP>
      <RSEXP>
       <PARAMETER>IN_UPDATE_TASK</PARAMETER>
       <REFERENCE>X</REFERENCE>
       <TYP>UPDATETASK</TYP>
      </RSEXP>
      <RSEXP>
       <PARAMETER>CALL_TRANSACTION_DONE</PARAMETER>
       <REFERENCE>X</REFERENCE>
       <TYP>CALLTRANS2</TYP>
      </RSEXP>
     </EXPORT>
     <TABLES>
      <RSTBL>
       <PARAMETER>IDOC_CONTRL</PARAMETER>
       <DBSTRUCT>EDIDC</DBSTRUCT>
      </RSTBL>
      <RSTBL>
       <PARAMETER>IDOC_DATA</PARAMETER>
       <DBSTRUCT>EDIDD</DBSTRUCT>
      </RSTBL>
      <RSTBL>
       <PARAMETER>IDOC_STATUS</PARAMETER>
       <DBSTRUCT>BDIDOCSTAT</DBSTRUCT>
      </RSTBL>
      <RSTBL>
       <PARAMETER>RETURN_VARIABLES</PARAMETER>
       <DBSTRUCT>BDWFRETVAR</DBSTRUCT>
      </RSTBL>
      <RSTBL>
       <PARAMETER>SERIALIZATION_INFO</PARAMETER>
       <DBSTRUCT>BDI_SER</DBSTRUCT>
      </RSTBL>
     </TABLES>
     <EXCEPTION>
      <RSEXC>
       <EXCEPTION>WRONG_FUNCTION_CALLED</EXCEPTION>
      </RSEXC>
     </EXCEPTION>
     <DOCUMENTATION>
      <RSFDO>
       <PARAMETER>INPUT_METHOD</PARAMETER>
       <KIND>P</KIND>
       <STEXT>Input Method for Inbound IDoc Function Module</STEXT>
      </RSFDO>
      <RSFDO>
       <PARAMETER>MASS_PROCESSING</PARAMETER>
       <KIND>P</KIND>
       <STEXT>Flag: Mass processing</STEXT>
      </RSFDO>
      <RSFDO>
       <PARAMETER>WORKFLOW_RESULT</PARAMETER>
       <KIND>P</KIND>
       <STEXT>Final value of method</STEXT>
      </RSFDO>
      <RSFDO>
       <PARAMETER>APPLICATION_VARIABLE</PARAMETER>
       <KIND>P</KIND>
       <STEXT>Variable to be used by application as required</STEXT>
      </RSFDO>
      <RSFDO>
       <PARAMETER>IN_UPDATE_TASK</PARAMETER>
       <KIND>P</KIND>
       <STEXT>Flag: Application has triggered update task</STEXT>
      </RSFDO>
      <RSFDO>
       <PARAMETER>CALL_TRANSACTION_DONE</PARAMETER>
       <KIND>P</KIND>
       <STEXT>Flag: Application has actually performed call transaction</STEXT>
      </RSFDO>
      <RSFDO>
       <PARAMETER>IDOC_CONTRL</PARAMETER>
       <KIND>P</KIND>
       <STEXT>Control record (IDoc)</STEXT>
      </RSFDO>
      <RSFDO>
       <PARAMETER>IDOC_DATA</PARAMETER>
       <KIND>P</KIND>
       <STEXT>Data record (IDoc)</STEXT>
      </RSFDO>
      <RSFDO>
       <PARAMETER>IDOC_STATUS</PARAMETER>
       <KIND>P</KIND>
       <STEXT>ALE IDoc status (subset of all IDoc status fields)</STEXT>
      </RSFDO>
      <RSFDO>
       <PARAMETER>RETURN_VARIABLES</PARAMETER>
       <KIND>P</KIND>
       <STEXT>Assignment of IDoc or document no. to method parameter</STEXT>
      </RSFDO>
      <RSFDO>
       <PARAMETER>SERIALIZATION_INFO</PARAMETER>
       <KIND>P</KIND>
       <STEXT>Serialization objects for one/several IDocs</STEXT>
      </RSFDO>
      <RSFDO>
       <PARAMETER>WRONG_FUNCTION_CALLED</PARAMETER>
       <KIND>X</KIND>
      </RSFDO>
     </DOCUMENTATION>
    </item>
    <item>
     <FUNCNAME>Z_POS_GET_ARTICLE_PRICES</FUNCNAME>
     <REMOTE_CALL>R</REMOTE_CALL>
     <SHORT_TEXT>POS Integration - Get Article Prices</SHORT_TEXT>
     <IMPORT>
      <RSIMP>
       <PARAMETER>IT_R_VTWEG</PARAMETER>
       <OPTIONAL>X</OPTIONAL>
       <TYP>WRF_VTWEG_RTTY</TYP>
      </RSIMP>
      <RSIMP>
       <PARAMETER>IT_R_VKORG</PARAMETER>
       <OPTIONAL>X</OPTIONAL>
       <TYP>WRF_VKORG_RTTY</TYP>
      </RSIMP>
      <RSIMP>
       <PARAMETER>IT_R_WERKS</PARAMETER>
       <TYP>WRF_WERKS_RTTY</TYP>
      </RSIMP>
      <RSIMP>
       <PARAMETER>IT_R_MATNR</PARAMETER>
       <OPTIONAL>X</OPTIONAL>
       <TYP>WRF_MATNR_RTTY</TYP>
      </RSIMP>
      <RSIMP>
       <PARAMETER>IV_VALID_FROM</PARAMETER>
       <TYP>DATS</TYP>
      </RSIMP>
      <RSIMP>
       <PARAMETER>IT_R_EAN11</PARAMETER>
       <OPTIONAL>X</OPTIONAL>
       <TYP>WART_TR_EAN11</TYP>
      </RSIMP>
      <RSIMP>
       <PARAMETER>IV_VALID_TO</PARAMETER>
       <TYP>DATS</TYP>
      </RSIMP>
     </IMPORT>
     <EXPORT>
      <RSEXP>
       <PARAMETER>ET_PRICELIST</PARAMETER>
       <TYP>ZPOS_PRICELIST_RFC_TTY</TYP>
      </RSEXP>
     </EXPORT>
     <DOCUMENTATION>
      <RSFDO>
       <PARAMETER>IT_R_VTWEG</PARAMETER>
       <KIND>P</KIND>
       <STEXT>Selection Table for Distribution Channel (VTWEG)</STEXT>
      </RSFDO>
      <RSFDO>
       <PARAMETER>IT_R_VKORG</PARAMETER>
       <KIND>P</KIND>
       <STEXT>Selection Table for Sales Organization (VKORG)</STEXT>
      </RSFDO>
      <RSFDO>
       <PARAMETER>IT_R_WERKS</PARAMETER>
       <KIND>P</KIND>
       <STEXT>Selection Table for Plants (WERKS)</STEXT>
      </RSFDO>
      <RSFDO>
       <PARAMETER>IT_R_MATNR</PARAMETER>
       <KIND>P</KIND>
       <STEXT>Selection Table for Material (MATNR)</STEXT>
      </RSFDO>
      <RSFDO>
       <PARAMETER>IV_VALID_FROM</PARAMETER>
       <KIND>P</KIND>
       <STEXT>Field of type DATS</STEXT>
      </RSFDO>
      <RSFDO>
       <PARAMETER>IT_R_EAN11</PARAMETER>
       <KIND>P</KIND>
       <STEXT>Range for International Article Number (EAN/UPC)</STEXT>
      </RSFDO>
      <RSFDO>
       <PARAMETER>IV_VALID_TO</PARAMETER>
       <KIND>P</KIND>
       <STEXT>Field of type DATS</STEXT>
      </RSFDO>
      <RSFDO>
       <PARAMETER>ET_PRICELIST</PARAMETER>
       <KIND>P</KIND>
       <STEXT>POS - Price List Table Type</STEXT>
      </RSFDO>
     </DOCUMENTATION>
    </item>
   </FUNCTIONS>
  </asx:values>
 </asx:abap>
</abapGit>
