﻿<?xml version="1.0" encoding="utf-8"?>
<abapGit version="v1.0.0" serializer="LCL_OBJECT_TABL" serializer_version="v1.0.0">
 <asx:abap xmlns:asx="http://www.sap.com/abapxml" version="1.0">
  <asx:values>
   <DD02V>
    <TABNAME>ZZPOS_VIK_ARTICLE</TABNAME>
    <DDLANGUAGE>E</DDLANGUAGE>
    <TABCLASS>APPEND</TABCLASS>
    <SQLTAB>EWLK2</SQLTAB>
    <DDTEXT>POS - Viking Article Append Fields</DDTEXT>
   </DD02V>
   <DD03P_TABLE>
    <DD03P>
     <FIELDNAME>ZZ_ENTRY_CODE</FIELDNAME>
     <ROLLNAME>ZPOS_ENTRY_CODE</ROLLNAME>
     <CHECKTABLE>ZMD_ENTRYCODE</CHECKTABLE>
     <ADMINFIELD>0</ADMINFIELD>
     <SHLPORIGIN>P</SHLPORIGIN>
     <COMPTYPE>E</COMPTYPE>
    </DD03P>
    <DD03P>
     <FIELDNAME>ZZ_STAFF_DISC</FIELDNAME>
     <ROLLNAME>ZPOS_STAFF_DISC</ROLLNAME>
     <ADMINFIELD>0</ADMINFIELD>
     <VALEXI>X</VALEXI>
     <SHLPORIGIN>F</SHLPORIGIN>
     <COMPTYPE>E</COMPTYPE>
    </DD03P>
    <DD03P>
     <FIELDNAME>ZZ_POSMSG</FIELDNAME>
     <ROLLNAME>ZPOS_ADD_TEXT</ROLLNAME>
     <CHECKTABLE>ZMD_MSGID</CHECKTABLE>
     <ADMINFIELD>0</ADMINFIELD>
     <SHLPORIGIN>P</SHLPORIGIN>
     <COMPTYPE>E</COMPTYPE>
    </DD03P>
    <DD03P>
     <FIELDNAME>ZZ_MULTIBUY_CODE</FIELDNAME>
     <ROLLNAME>ZPOS_MULTIBUY</ROLLNAME>
     <CHECKTABLE>ZMD_MULTIBUY</CHECKTABLE>
     <ADMINFIELD>0</ADMINFIELD>
     <SHLPORIGIN>P</SHLPORIGIN>
     <COMPTYPE>E</COMPTYPE>
    </DD03P>
    <DD03P>
     <FIELDNAME>ZZ_DECIMALS</FIELDNAME>
     <ROLLNAME>ZPOS_DECIMALS</ROLLNAME>
     <ADMINFIELD>0</ADMINFIELD>
     <VALEXI>X</VALEXI>
     <SHLPORIGIN>F</SHLPORIGIN>
     <COMPTYPE>E</COMPTYPE>
    </DD03P>
    <DD03P>
     <FIELDNAME>ZZ_B2B_DISC</FIELDNAME>
     <ROLLNAME>ZPOS_B2B_DISC</ROLLNAME>
     <ADMINFIELD>0</ADMINFIELD>
     <VALEXI>X</VALEXI>
     <SHLPORIGIN>F</SHLPORIGIN>
     <COMPTYPE>E</COMPTYPE>
    </DD03P>
    <DD03P>
     <FIELDNAME>ZZ_SALESBLOCK_REASON</FIELDNAME>
     <ROLLNAME>ZPOS_SALESBLOCK_REASON</ROLLNAME>
     <CHECKTABLE>ZMD_REASON</CHECKTABLE>
     <ADMINFIELD>0</ADMINFIELD>
     <SHLPORIGIN>P</SHLPORIGIN>
     <COMPTYPE>E</COMPTYPE>
    </DD03P>
   </DD03P_TABLE>
   <DD05M_TABLE>
    <DD05M>
     <FIELDNAME>ZZ_ENTRY_CODE</FIELDNAME>
     <FORTABLE>SYST</FORTABLE>
     <FORKEY>MANDT</FORKEY>
     <CHECKTABLE>ZMD_ENTRYCODE</CHECKTABLE>
     <CHECKFIELD>CLIENT</CHECKFIELD>
     <PRIMPOS>0001</PRIMPOS>
     <DOMNAME>MANDT</DOMNAME>
     <DATATYPE>CLNT</DATATYPE>
     <LENG>000003</LENG>
    </DD05M>
    <DD05M>
     <FIELDNAME>ZZ_ENTRY_CODE</FIELDNAME>
     <FORTABLE>ZZPOS_VIK_ARTICLE</FORTABLE>
     <FORKEY>ZZ_ENTRY_CODE</FORKEY>
     <CHECKTABLE>ZMD_ENTRYCODE</CHECKTABLE>
     <CHECKFIELD>ENTRY_CODE</CHECKFIELD>
     <PRIMPOS>0002</PRIMPOS>
     <DOMNAME>ZPOS_ENTRY_CODE</DOMNAME>
     <DATATYPE>CHAR</DATATYPE>
     <LENG>000001</LENG>
    </DD05M>
    <DD05M>
     <FIELDNAME>ZZ_MULTIBUY_CODE</FIELDNAME>
     <FORTABLE>SYST</FORTABLE>
     <FORKEY>MANDT</FORKEY>
     <CHECKTABLE>ZMD_MULTIBUY</CHECKTABLE>
     <CHECKFIELD>CLIENT</CHECKFIELD>
     <PRIMPOS>0001</PRIMPOS>
     <DOMNAME>MANDT</DOMNAME>
     <DATATYPE>CLNT</DATATYPE>
     <LENG>000003</LENG>
    </DD05M>
    <DD05M>
     <FIELDNAME>ZZ_MULTIBUY_CODE</FIELDNAME>
     <FORTABLE>ZZPOS_VIK_ARTICLE</FORTABLE>
     <FORKEY>ZZ_MULTIBUY_CODE</FORKEY>
     <CHECKTABLE>ZMD_MULTIBUY</CHECKTABLE>
     <CHECKFIELD>MULTIBUY_CODE</CHECKFIELD>
     <PRIMPOS>0002</PRIMPOS>
     <DOMNAME>ZPOS_MULTIBUY</DOMNAME>
     <DATATYPE>CHAR</DATATYPE>
     <LENG>000001</LENG>
    </DD05M>
    <DD05M>
     <FIELDNAME>ZZ_POSMSG</FIELDNAME>
     <FORTABLE>SYST</FORTABLE>
     <FORKEY>MANDT</FORKEY>
     <CHECKTABLE>ZMD_MSGID</CHECKTABLE>
     <CHECKFIELD>CLIENT</CHECKFIELD>
     <PRIMPOS>0001</PRIMPOS>
     <DOMNAME>MANDT</DOMNAME>
     <DATATYPE>CLNT</DATATYPE>
     <LENG>000003</LENG>
    </DD05M>
    <DD05M>
     <FIELDNAME>ZZ_POSMSG</FIELDNAME>
     <FORTABLE>ZZPOS_VIK_ARTICLE</FORTABLE>
     <FORKEY>ZZ_POSMSG</FORKEY>
     <CHECKTABLE>ZMD_MSGID</CHECKTABLE>
     <CHECKFIELD>POSMSGID</CHECKFIELD>
     <PRIMPOS>0002</PRIMPOS>
     <DOMNAME>ZMD_POS_ADD_TEXT</DOMNAME>
     <DATATYPE>NUMC</DATATYPE>
     <LENG>000004</LENG>
    </DD05M>
    <DD05M>
     <FIELDNAME>ZZ_SALESBLOCK_REASON</FIELDNAME>
     <FORTABLE>SYST</FORTABLE>
     <FORKEY>MANDT</FORKEY>
     <CHECKTABLE>ZMD_REASON</CHECKTABLE>
     <CHECKFIELD>CLIENT</CHECKFIELD>
     <PRIMPOS>0001</PRIMPOS>
     <DOMNAME>MANDT</DOMNAME>
     <DATATYPE>CLNT</DATATYPE>
     <LENG>000003</LENG>
    </DD05M>
    <DD05M>
     <FIELDNAME>ZZ_SALESBLOCK_REASON</FIELDNAME>
     <FORTABLE>ZZPOS_VIK_ARTICLE</FORTABLE>
     <FORKEY>ZZ_SALESBLOCK_REASON</FORKEY>
     <CHECKTABLE>ZMD_REASON</CHECKTABLE>
     <CHECKFIELD>SALESBLOCK_REASON</CHECKFIELD>
     <PRIMPOS>0002</PRIMPOS>
     <DOMNAME>ZPOS_SALESBLOCK_REASON</DOMNAME>
     <DATATYPE>CHAR</DATATYPE>
     <LENG>000002</LENG>
    </DD05M>
   </DD05M_TABLE>
   <DD08V_TABLE>
    <DD08V>
     <FIELDNAME>ZZ_ENTRY_CODE</FIELDNAME>
     <CHECKTABLE>ZMD_ENTRYCODE</CHECKTABLE>
    </DD08V>
    <DD08V>
     <FIELDNAME>ZZ_MULTIBUY_CODE</FIELDNAME>
     <CHECKTABLE>ZMD_MULTIBUY</CHECKTABLE>
    </DD08V>
    <DD08V>
     <FIELDNAME>ZZ_POSMSG</FIELDNAME>
     <CHECKTABLE>ZMD_MSGID</CHECKTABLE>
    </DD08V>
    <DD08V>
     <FIELDNAME>ZZ_SALESBLOCK_REASON</FIELDNAME>
     <CHECKTABLE>ZMD_REASON</CHECKTABLE>
    </DD08V>
   </DD08V_TABLE>
  </asx:values>
 </asx:abap>
</abapGit>
